actual_vo2kgml,speed_actual,grade,I.grade.2.,I.grade.3.,.fitted,.se.fit
26.5,1.11,40,1600,64000,28.14808948622118,0.2555820973783168
29.21,1.11,40,1600,64000,28.14808948622118,0.2555820973783168
28.47,1.11,40,1600,64000,28.14808948622118,0.2555820973783168
29.3,1.11,40,1600,64000,28.14808948622118,0.2555820973783168
25.41,1.11,40,1600,64000,28.14808948622118,0.2555820973783168
24.19,1.11,40,1600,64000,28.14808948622118,0.2555820973783168
30.91,1.11,40,1600,64000,28.14808948622118,0.2555820973783168
24.19,1.11,40,1600,64000,28.14808948622118,0.2555820973783168
28.65,1.11,40,1600,64000,28.14808948622118,0.2555820973783168
31.15,1.11,40,1600,64000,28.14808948622118,0.2555820973783168
27.24,1.11,40,1600,64000,28.14808948622118,0.2555820973783168
35.49,1.11,40,1600,64000,28.14808948622118,0.2555820973783168
48.76,2.05,40,1600,64000,49.20248087370356,0.458830615308951
31.12,1.11,40,1600,64000,28.14808948622118,0.2555820973783168
33.04,1.11,40,1600,64000,28.14808948622118,0.2555820973783168
28.05,1.11,40,1600,64000,28.14808948622118,0.2555820973783168
38.16,2.05,40,1600,64000,49.20248087370356,0.458830615308951
25.78,1.11,40,1600,64000,28.14808948622118,0.2555820973783168
30.63,1.11,40,1600,64000,28.14808948622118,0.2555820973783168
31.87,1.11,40,1600,64000,28.14808948622118,0.2555820973783168
54.1,2.05,40,1600,64000,49.20248087370356,0.458830615308951
21.94,1.11,40,1600,64000,28.14808948622118,0.2555820973783168
29.33,1.11,40,1600,64000,28.14808948622118,0.2555820973783168
28.09,1.11,40,1600,64000,28.14808948622118,0.2555820973783168
51.64,2.05,40,1600,64000,49.20248087370356,0.458830615308951
25.14,1.11,40,1600,64000,28.14808948622118,0.2555820973783168
51.87,2.05,40,1600,64000,49.20248087370356,0.458830615308951
29.38,1.11,40,1600,64000,28.14808948622118,0.2555820973783168
28.07,1.11,40,1600,64000,28.14808948622118,0.2555820973783168
30.33,1.11,40,1600,64000,28.14808948622118,0.2555820973783168
51.24,2.05,40,1600,64000,49.20248087370356,0.458830615308951
48.3,2.05,40,1600,64000,49.20248087370356,0.458830615308951
33.01,1.11,40,1600,64000,28.14808948622118,0.2555820973783168
36.46,1.11,40,1600,64000,28.14808948622118,0.2555820973783168
29.3,1.11,40,1600,64000,28.14808948622118,0.2555820973783168
54.8,2.05,40,1600,64000,49.20248087370356,0.458830615308951
47.03,2.05,40,1600,64000,49.20248087370356,0.458830615308951
45.52,2.05,40,1600,64000,49.20248087370356,0.458830615308951
32.4,1.11,40,1600,64000,28.14808948622118,0.2555820973783168
33.17,1.11,40,1600,64000,28.14808948622118,0.2555820973783168
47.57,1.11,40,1600,64000,28.14808948622118,0.2555820973783168
29.3,1.11,40,1600,64000,28.14808948622118,0.2555820973783168
28.04,1.11,40,1600,64000,28.14808948622118,0.2555820973783168
28.08,1.11,40,1600,64000,28.14808948622118,0.2555820973783168
27.49,1.11,40,1600,64000,28.14808948622118,0.2555820973783168
32.6,1.11,40,1600,64000,28.14808948622118,0.2555820973783168
26.18,1.11,40,1600,64000,28.14808948622118,0.2555820973783168
38.44,2.05,40,1600,64000,49.20248087370356,0.458830615308951
54.28,2.05,40,1600,64000,49.20248087370356,0.458830615308951
26.83,1.11,40,1600,64000,28.14808948622118,0.2555820973783168
29.3,1.11,40,1600,64000,28.14808948622118,0.2555820973783168
43.35,2.05,40,1600,64000,49.20248087370356,0.458830615308951
34.29,1.11,40,1600,64000,28.14808948622118,0.2555820973783168
52.17,2.05,40,1600,64000,49.20248087370356,0.458830615308951
27.73,1.11,40,1600,64000,28.14808948622118,0.2555820973783168
44.84,2.05,40,1600,64000,49.20248087370356,0.458830615308951
31.02,1.11,40,1600,64000,28.14808948622118,0.2555820973783168
31.16,1.11,40,1600,64000,28.14808948622118,0.2555820973783168
25.21,1.11,35,1225,42875,25.731238926613848,0.19845331061410762
28.94,1.11,35,1225,42875,25.731238926613848,0.19845331061410762
26.96,1.11,35,1225,42875,25.731238926613848,0.19845331061410762
26.95,1.11,35,1225,42875,25.731238926613848,0.19845331061410762
22.01,1.11,35,1225,42875,25.731238926613848,0.19845331061410762
20.41,1.11,35,1225,42875,25.731238926613848,0.19845331061410762
28.29,1.11,35,1225,42875,25.731238926613848,0.19845331061410762
24.7,1.11,35,1225,42875,25.731238926613848,0.19845331061410762
26.72,1.11,35,1225,42875,25.731238926613848,0.19845331061410762
29.46,1.11,35,1225,42875,25.731238926613848,0.19845331061410762
23.16,1.11,35,1225,42875,25.731238926613848,0.19845331061410762
24.71,1.11,35,1225,42875,25.731238926613848,0.19845331061410762
19.7,1.11,35,1225,42875,25.731238926613848,0.19845331061410762
17.83,1.11,35,1225,42875,25.731238926613848,0.19845331061410762
35.29,2.05,35,1225,42875,44.51146073512584,0.271859429762017
29.95,1.11,35,1225,42875,25.731238926613848,0.19845331061410762
39.74,2.05,35,1225,42875,44.51146073512584,0.271859429762017
48.74,2.05,35,1225,42875,44.51146073512584,0.271859429762017
26.91,1.11,35,1225,42875,25.731238926613848,0.19845331061410762
27.71,1.11,35,1225,42875,25.731238926613848,0.19845331061410762
23.28,1.11,35,1225,42875,25.731238926613848,0.19845331061410762
26.31,1.11,35,1225,42875,25.731238926613848,0.19845331061410762
29.1,2.05,35,1225,42875,44.51146073512584,0.271859429762017
26.11,1.11,35,1225,42875,25.731238926613848,0.19845331061410762
38.32,2.05,35,1225,42875,44.51146073512584,0.271859429762017
24.31,1.11,35,1225,42875,25.731238926613848,0.19845331061410762
29.28,1.11,35,1225,42875,25.731238926613848,0.19845331061410762
29.75,1.11,35,1225,42875,25.731238926613848,0.19845331061410762
49.64,2.05,35,1225,42875,44.51146073512584,0.271859429762017
18.92,1.11,35,1225,42875,25.731238926613848,0.19845331061410762
26.72,1.11,35,1225,42875,25.731238926613848,0.19845331061410762
22.4,1.11,35,1225,42875,25.731238926613848,0.19845331061410762
28.94,1.11,35,1225,42875,25.731238926613848,0.19845331061410762
26.99,1.11,35,1225,42875,25.731238926613848,0.19845331061410762
38.96,2.05,35,1225,42875,44.51146073512584,0.271859429762017
23.14,1.11,35,1225,42875,25.731238926613848,0.19845331061410762
46.09,2.05,35,1225,42875,44.51146073512584,0.271859429762017
43.17,2.05,35,1225,42875,44.51146073512584,0.271859429762017
25.45,1.11,35,1225,42875,25.731238926613848,0.19845331061410762
32.08,1.11,35,1225,42875,25.731238926613848,0.19845331061410762
25.92,1.11,35,1225,42875,25.731238926613848,0.19845331061410762
28.75,1.11,35,1225,42875,25.731238926613848,0.19845331061410762
44.6,2.05,35,1225,42875,44.51146073512584,0.271859429762017
31.65,1.11,35,1225,42875,25.731238926613848,0.19845331061410762
35.37,1.11,35,1225,42875,25.731238926613848,0.19845331061410762
28.7,1.11,35,1225,42875,25.731238926613848,0.19845331061410762
48.3,2.05,35,1225,42875,44.51146073512584,0.271859429762017
51.5,2.05,35,1225,42875,44.51146073512584,0.271859429762017
43.11,2.05,35,1225,42875,44.51146073512584,0.271859429762017
50.83,2.05,35,1225,42875,44.51146073512584,0.271859429762017
34.66,1.11,35,1225,42875,25.731238926613848,0.19845331061410762
61.01,2.05,35,1225,42875,44.51146073512584,0.271859429762017
30.5,1.11,35,1225,42875,25.731238926613848,0.19845331061410762
31.9,1.11,35,1225,42875,25.731238926613848,0.19845331061410762
62.6,2.05,35,1225,42875,44.51146073512584,0.271859429762017
31.98,1.11,35,1225,42875,25.731238926613848,0.19845331061410762
43.27,2.05,35,1225,42875,44.51146073512584,0.271859429762017
29.4,1.11,35,1225,42875,25.731238926613848,0.19845331061410762
49.1,2.05,35,1225,42875,44.51146073512584,0.271859429762017
28.34,1.11,35,1225,42875,25.731238926613848,0.19845331061410762
27.8,1.11,35,1225,42875,25.731238926613848,0.19845331061410762
26.49,1.11,35,1225,42875,25.731238926613848,0.19845331061410762
31.58,1.11,35,1225,42875,25.731238926613848,0.19845331061410762
44.05,2.05,35,1225,42875,44.51146073512584,0.271859429762017
48.86,2.05,35,1225,42875,44.51146073512584,0.271859429762017
25.39,1.11,35,1225,42875,25.731238926613848,0.19845331061410762
39.51,2.05,35,1225,42875,44.51146073512584,0.271859429762017
48.78,2.05,35,1225,42875,44.51146073512584,0.271859429762017
25.04,1.11,35,1225,42875,25.731238926613848,0.19845331061410762
27.74,1.11,35,1225,42875,25.731238926613848,0.19845331061410762
48.64,2.05,35,1225,42875,44.51146073512584,0.271859429762017
31.65,1.11,35,1225,42875,25.731238926613848,0.19845331061410762
50.37,2.05,35,1225,42875,44.51146073512584,0.271859429762017
27.8,1.11,35,1225,42875,25.731238926613848,0.19845331061410762
40.11,2.05,35,1225,42875,44.51146073512584,0.271859429762017
48.99,2.05,35,1225,42875,44.51146073512584,0.271859429762017
25.72,1.11,35,1225,42875,25.731238926613848,0.19845331061410762
33.84,1.11,35,1225,42875,25.731238926613848,0.19845331061410762
33.81,1.11,35,1225,42875,25.731238926613848,0.19845331061410762
33.3,1.11,35,1225,42875,25.731238926613848,0.19845331061410762
30.85,1.11,35,1225,42875,25.731238926613848,0.19845331061410762
29.19,1.11,35,1225,42875,25.731238926613848,0.19845331061410762
23.36,1.11,30,900,27000,23.070272423060224,0.18021105956368844
28.4,1.11,30,900,27000,23.070272423060224,0.18021105956368844
24.21,1.11,30,900,27000,23.070272423060224,0.18021105956368844
23.82,1.11,30,900,27000,23.070272423060224,0.18021105956368844
38.64,2.05,30,900,27000,39.36959583520585,0.17494189152695638
20.43,1.11,30,900,27000,23.070272423060224,0.18021105956368844
22.72,1.11,30,900,27000,23.070272423060224,0.18021105956368844
39.06,2.05,30,900,27000,39.36959583520585,0.17494189152695638
25.14,1.11,30,900,27000,23.070272423060224,0.18021105956368844
23.11,1.11,30,900,27000,23.070272423060224,0.18021105956368844
24.73,1.11,30,900,27000,23.070272423060224,0.18021105956368844
34.03,2.05,30,900,27000,39.36959583520585,0.17494189152695638
40.08,2.05,30,900,27000,39.36959583520585,0.17494189152695638
22.96,1.11,30,900,27000,23.070272423060224,0.18021105956368844
16.34,1.11,30,900,27000,23.070272423060224,0.18021105956368844
15.58,1.11,30,900,27000,23.070272423060224,0.18021105956368844
24.22,1.11,30,900,27000,23.070272423060224,0.18021105956368844
33.43,2.05,30,900,27000,39.36959583520585,0.17494189152695638
26.98,1.11,30,900,27000,23.070272423060224,0.18021105956368844
29.73,1.11,30,900,27000,23.070272423060224,0.18021105956368844
26.05,1.11,30,900,27000,23.070272423060224,0.18021105956368844
23.87,1.11,30,900,27000,23.070272423060224,0.18021105956368844
31.77,2.05,30,900,27000,39.36959583520585,0.17494189152695638
35.72,2.05,30,900,27000,39.36959583520585,0.17494189152695638
23.61,1.11,30,900,27000,23.070272423060224,0.18021105956368844
29.85,2.05,30,900,27000,39.36959583520585,0.17494189152695638
24.09,1.11,30,900,27000,23.070272423060224,0.18021105956368844
39.58,2.05,30,900,27000,39.36959583520585,0.17494189152695638
28.48,1.11,30,900,27000,23.070272423060224,0.18021105956368844
28.57,2.05,30,900,27000,39.36959583520585,0.17494189152695638
27.24,1.11,30,900,27000,23.070272423060224,0.18021105956368844
30.25,1.11,30,900,27000,23.070272423060224,0.18021105956368844
44.66,2.05,30,900,27000,39.36959583520585,0.17494189152695638
18.56,1.11,30,900,27000,23.070272423060224,0.18021105956368844
27.63,1.11,30,900,27000,23.070272423060224,0.18021105956368844
42.2,2.05,30,900,27000,39.36959583520585,0.17494189152695638
20.85,1.11,30,900,27000,23.070272423060224,0.18021105956368844
25.74,1.11,30,900,27000,23.070272423060224,0.18021105956368844
25.4,1.11,30,900,27000,23.070272423060224,0.18021105956368844
31.88,2.05,30,900,27000,39.36959583520585,0.17494189152695638
33.81,2.05,30,900,27000,39.36959583520585,0.17494189152695638
23.23,1.11,30,900,27000,23.070272423060224,0.18021105956368844
42.93,2.05,30,900,27000,39.36959583520585,0.17494189152695638
40.56,2.05,30,900,27000,39.36959583520585,0.17494189152695638
24.07,1.11,30,900,27000,23.070272423060224,0.18021105956368844
24.66,1.11,30,900,27000,23.070272423060224,0.18021105956368844
26.33,1.11,30,900,27000,23.070272423060224,0.18021105956368844
28.65,1.11,30,900,27000,23.070272423060224,0.18021105956368844
28.69,1.11,30,900,27000,23.070272423060224,0.18021105956368844
32.29,1.11,30,900,27000,23.070272423060224,0.18021105956368844
25.6,1.11,30,900,27000,23.070272423060224,0.18021105956368844
41.5,2.05,30,900,27000,39.36959583520585,0.17494189152695638
33.53,1.11,30,900,27000,23.070272423060224,0.18021105956368844
48.31,2.05,30,900,27000,39.36959583520585,0.17494189152695638
32.33,1.11,30,900,27000,23.070272423060224,0.18021105956368844
47.93,2.05,30,900,27000,39.36959583520585,0.17494189152695638
26.2,1.11,30,900,27000,23.070272423060224,0.18021105956368844
45.3,2.05,30,900,27000,39.36959583520585,0.17494189152695638
30,1.11,30,900,27000,23.070272423060224,0.18021105956368844
51.66,2.05,30,900,27000,39.36959583520585,0.17494189152695638
54.34,2.05,30,900,27000,39.36959583520585,0.17494189152695638
46.8,2.05,30,900,27000,39.36959583520585,0.17494189152695638
27.7,1.11,30,900,27000,23.070272423060224,0.18021105956368844
26.14,1.11,30,900,27000,23.070272423060224,0.18021105956368844
7.37,1.11,30,900,27000,23.070272423060224,0.18021105956368844
25.59,1.11,30,900,27000,23.070272423060224,0.18021105956368844
43.25,2.05,30,900,27000,39.36959583520585,0.17494189152695638
29.69,1.11,30,900,27000,23.070272423060224,0.18021105956368844
40.23,2.05,30,900,27000,39.36959583520585,0.17494189152695638
25.6,1.11,30,900,27000,23.070272423060224,0.18021105956368844
39.43,2.05,30,900,27000,39.36959583520585,0.17494189152695638
45.41,2.05,30,900,27000,39.36959583520585,0.17494189152695638
23.01,1.11,30,900,27000,23.070272423060224,0.18021105956368844
26.63,1.11,30,900,27000,23.070272423060224,0.18021105956368844
46.09,2.05,30,900,27000,39.36959583520585,0.17494189152695638
30.27,1.11,30,900,27000,23.070272423060224,0.18021105956368844
47,2.05,30,900,27000,39.36959583520585,0.17494189152695638
26.53,1.11,30,900,27000,23.070272423060224,0.18021105956368844
35.07,2.05,30,900,27000,39.36959583520585,0.17494189152695638
44.84,2.05,30,900,27000,39.36959583520585,0.17494189152695638
25.8,1.11,30,900,27000,23.070272423060224,0.18021105956368844
34.45,2.05,30,900,27000,39.36959583520585,0.17494189152695638
29.98,1.11,30,900,27000,23.070272423060224,0.18021105956368844
31.45,1.11,30,900,27000,23.070272423060224,0.18021105956368844
29.97,1.11,30,900,27000,23.070272423060224,0.18021105956368844
28.68,2.05,30,900,27000,39.36959583520585,0.17494189152695638
21.26,1.11,25,625,15625,20.284282816218965,0.17270978245922408
22.58,1.11,25,625,15625,20.284282816218965,0.17270978245922408
33.03,2.05,25,625,15625,33.99683241119609,0.14299458303751506
20.84,1.11,25,625,15625,20.284282816218965,0.17270978245922408
20.16,1.11,25,625,15625,20.284282816218965,0.17270978245922408
34.23,2.05,25,625,15625,33.99683241119609,0.14299458303751506
24.92,1.11,25,625,15625,20.284282816218965,0.17270978245922408
20.4,1.11,25,625,15625,20.284282816218965,0.17270978245922408
21.96,1.11,25,625,15625,20.284282816218965,0.17270978245922408
33.79,2.05,25,625,15625,33.99683241119609,0.14299458303751506
21.85,1.11,25,625,15625,20.284282816218965,0.17270978245922408
19.89,1.11,25,625,15625,20.284282816218965,0.17270978245922408
22.23,1.11,25,625,15625,20.284282816218965,0.17270978245922408
28.88,2.05,25,625,15625,33.99683241119609,0.14299458303751506
33.81,2.05,25,625,15625,33.99683241119609,0.14299458303751506
20.73,1.11,25,625,15625,20.284282816218965,0.17270978245922408
20.35,1.11,25,625,15625,20.284282816218965,0.17270978245922408
14.51,1.11,25,625,15625,20.284282816218965,0.17270978245922408
14.71,1.11,25,625,15625,20.284282816218965,0.17270978245922408
18.9,1.11,25,625,15625,20.284282816218965,0.17270978245922408
46.22,2.05,25,625,15625,33.99683241119609,0.14299458303751506
25.02,1.11,25,625,15625,20.284282816218965,0.17270978245922408
38.58,2.05,25,625,15625,33.99683241119609,0.14299458303751506
38.61,2.05,25,625,15625,33.99683241119609,0.14299458303751506
20.26,2.05,25,625,15625,33.99683241119609,0.14299458303751506
24.03,1.11,25,625,15625,20.284282816218965,0.17270978245922408
23.23,1.11,25,625,15625,20.284282816218965,0.17270978245922408
32.58,2.05,25,625,15625,33.99683241119609,0.14299458303751506
32.69,2.05,25,625,15625,33.99683241119609,0.14299458303751506
21.3,1.11,25,625,15625,20.284282816218965,0.17270978245922408
29.3,2.05,25,625,15625,33.99683241119609,0.14299458303751506
21.02,1.11,25,625,15625,20.284282816218965,0.17270978245922408
32.76,2.05,25,625,15625,33.99683241119609,0.14299458303751506
12.2,2.05,25,625,15625,33.99683241119609,0.14299458303751506
25.81,1.11,25,625,15625,20.284282816218965,0.17270978245922408
27.8,2.05,25,625,15625,33.99683241119609,0.14299458303751506
24.2,1.11,25,625,15625,20.284282816218965,0.17270978245922408
30.11,2.05,25,625,15625,33.99683241119609,0.14299458303751506
37.16,2.05,25,625,15625,33.99683241119609,0.14299458303751506
16.98,1.11,25,625,15625,20.284282816218965,0.17270978245922408
26.76,2.05,25,625,15625,33.99683241119609,0.14299458303751506
36.25,2.05,25,625,15625,33.99683241119609,0.14299458303751506
21.15,1.11,25,625,15625,20.284282816218965,0.17270978245922408
25.69,1.11,25,625,15625,20.284282816218965,0.17270978245922408
22.49,1.11,25,625,15625,20.284282816218965,0.17270978245922408
29.25,2.05,25,625,15625,33.99683241119609,0.14299458303751506
38.31,2.05,25,625,15625,33.99683241119609,0.14299458303751506
21.47,1.11,25,625,15625,20.284282816218965,0.17270978245922408
37.33,2.05,25,625,15625,33.99683241119609,0.14299458303751506
35.79,2.05,25,625,15625,33.99683241119609,0.14299458303751506
21.53,1.11,25,625,15625,20.284282816218965,0.17270978245922408
25.58,1.11,25,625,15625,20.284282816218965,0.17270978245922408
22.17,1.11,25,625,15625,20.284282816218965,0.17270978245922408
31,2.05,25,625,15625,33.99683241119609,0.14299458303751506
23.28,1.11,25,625,15625,20.284282816218965,0.17270978245922408
25.1,1.11,25,625,15625,20.284282816218965,0.17270978245922408
37.46,2.05,25,625,15625,33.99683241119609,0.14299458303751506
39.9,2.05,25,625,15625,33.99683241119609,0.14299458303751506
25.89,1.11,25,625,15625,20.284282816218965,0.17270978245922408
33.01,2.05,25,625,15625,33.99683241119609,0.14299458303751506
22.1,1.11,25,625,15625,20.284282816218965,0.17270978245922408
36.6,2.05,25,625,15625,33.99683241119609,0.14299458303751506
29.66,1.11,25,625,15625,20.284282816218965,0.17270978245922408
43.19,2.05,25,625,15625,33.99683241119609,0.14299458303751506
27.74,1.11,25,625,15625,20.284282816218965,0.17270978245922408
42.19,2.05,25,625,15625,33.99683241119609,0.14299458303751506
23.5,1.11,25,625,15625,20.284282816218965,0.17270978245922408
38.7,2.05,25,625,15625,33.99683241119609,0.14299458303751506
45.3,2.05,25,625,15625,33.99683241119609,0.14299458303751506
27.53,1.11,25,625,15625,20.284282816218965,0.17270978245922408
43.18,2.05,25,625,15625,33.99683241119609,0.14299458303751506
49.63,2.05,25,625,15625,33.99683241119609,0.14299458303751506
23.7,1.11,25,625,15625,20.284282816218965,0.17270978245922408
41.5,2.05,25,625,15625,33.99683241119609,0.14299458303751506
23.24,1.11,25,625,15625,20.284282816218965,0.17270978245922408
31.2,2.05,25,625,15625,33.99683241119609,0.14299458303751506
38.42,2.05,25,625,15625,33.99683241119609,0.14299458303751506
24.56,1.11,25,625,15625,20.284282816218965,0.17270978245922408
26.16,1.11,25,625,15625,20.284282816218965,0.17270978245922408
32.99,2.05,25,625,15625,33.99683241119609,0.14299458303751506
23.14,1.11,25,625,15625,20.284282816218965,0.17270978245922408
39.22,2.05,25,625,15625,33.99683241119609,0.14299458303751506
38.24,2.05,25,625,15625,33.99683241119609,0.14299458303751506
22.93,1.11,25,625,15625,20.284282816218965,0.17270978245922408
39.05,2.05,25,625,15625,33.99683241119609,0.14299458303751506
20.18,1.11,25,625,15625,20.284282816218965,0.17270978245922408
24.74,1.11,25,625,15625,20.284282816218965,0.17270978245922408
40.38,2.05,25,625,15625,33.99683241119609,0.14299458303751506
24.64,1.11,25,625,15625,20.284282816218965,0.17270978245922408
41.81,2.05,25,625,15625,33.99683241119609,0.14299458303751506
25.37,1.11,25,625,15625,20.284282816218965,0.17270978245922408
39.56,2.05,25,625,15625,33.99683241119609,0.14299458303751506
37.93,2.05,25,625,15625,33.99683241119609,0.14299458303751506
23.96,1.11,25,625,15625,20.284282816218965,0.17270978245922408
33.58,2.05,25,625,15625,33.99683241119609,0.14299458303751506
26.4,1.11,25,625,15625,20.284282816218965,0.17270978245922408
32.28,2.05,25,625,15625,33.99683241119609,0.14299458303751506
28.47,1.11,25,625,15625,20.284282816218965,0.17270978245922408
35.25,1.11,25,625,15625,20.284282816218965,0.17270978245922408
29.9,1.11,25,625,15625,20.284282816218965,0.17270978245922408
18.39,1.11,20,400,8000,17.492362946748717,0.16176776985048763
22.57,1.11,20,400,8000,17.492362946748717,0.16176776985048763
26.73,2.05,20,400,8000,28.613116700349007,0.13082648388911197
18.32,1.11,20,400,8000,17.492362946748717,0.16176776985048763
19.53,1.11,20,400,8000,17.492362946748717,0.16176776985048763
28.88,2.05,20,400,8000,28.613116700349007,0.13082648388911197
17.96,1.11,20,400,8000,17.492362946748717,0.16176776985048763
17.88,1.11,20,400,8000,17.492362946748717,0.16176776985048763
20.97,2.05,20,400,8000,28.613116700349007,0.13082648388911197
27.73,2.05,20,400,8000,28.613116700349007,0.13082648388911197
41.46,2.95,20,400,8000,39.26064688996632,0.21348754503093892
17.58,1.11,20,400,8000,17.492362946748717,0.16176776985048763
19.89,2.05,20,400,8000,28.613116700349007,0.13082648388911197
26.86,2.05,20,400,8000,28.613116700349007,0.13082648388911197
19.04,1.11,20,400,8000,17.492362946748717,0.16176776985048763
28.16,2.05,20,400,8000,28.613116700349007,0.13082648388911197
30.06,2.05,20,400,8000,28.613116700349007,0.13082648388911197
17.21,1.11,20,400,8000,17.492362946748717,0.16176776985048763
26.43,2.05,20,400,8000,28.613116700349007,0.13082648388911197
14.32,1.11,20,400,8000,17.492362946748717,0.16176776985048763
16.15,1.11,20,400,8000,17.492362946748717,0.16176776985048763
15.84,1.11,20,400,8000,17.492362946748717,0.16176776985048763
38.43,2.05,20,400,8000,28.613116700349007,0.13082648388911197
40.48,2.95,20,400,8000,39.26064688996632,0.21348754503093892
40.17,2.95,20,400,8000,39.26064688996632,0.21348754503093892
17.24,1.11,20,400,8000,17.492362946748717,0.16176776985048763
29.37,2.05,20,400,8000,28.613116700349007,0.13082648388911197
41.43,2.95,20,400,8000,39.26064688996632,0.21348754503093892
46.34,2.95,20,400,8000,39.26064688996632,0.21348754503093892
20.57,1.11,20,400,8000,17.492362946748717,0.16176776985048763
32.21,2.05,20,400,8000,28.613116700349007,0.13082648388911197
21.22,1.11,20,400,8000,17.492362946748717,0.16176776985048763
27.73,2.05,20,400,8000,28.613116700349007,0.13082648388911197
17.25,1.11,20,400,8000,17.492362946748717,0.16176776985048763
22.09,2.05,20,400,8000,28.613116700349007,0.13082648388911197
28.12,2.05,20,400,8000,28.613116700349007,0.13082648388911197
18.64,1.11,20,400,8000,17.492362946748717,0.16176776985048763
31.01,2.95,20,400,8000,39.26064688996632,0.21348754503093892
41.27,2.05,20,400,8000,28.613116700349007,0.13082648388911197
44.47,2.95,20,400,8000,39.26064688996632,0.21348754503093892
20.58,1.11,20,400,8000,17.492362946748717,0.16176776985048763
21.46,2.05,20,400,8000,28.613116700349007,0.13082648388911197
27.24,2.05,20,400,8000,28.613116700349007,0.13082648388911197
18.3,1.11,20,400,8000,17.492362946748717,0.16176776985048763
22.14,2.05,20,400,8000,28.613116700349007,0.13082648388911197
30.26,2.05,20,400,8000,28.613116700349007,0.13082648388911197
16.12,1.11,20,400,8000,17.492362946748717,0.16176776985048763
27.41,2.05,20,400,8000,28.613116700349007,0.13082648388911197
24.99,2.05,20,400,8000,28.613116700349007,0.13082648388911197
19.92,1.11,20,400,8000,17.492362946748717,0.16176776985048763
35.98,2.05,20,400,8000,28.613116700349007,0.13082648388911197
20.27,1.11,20,400,8000,17.492362946748717,0.16176776985048763
23.6,2.05,20,400,8000,28.613116700349007,0.13082648388911197
41.28,2.95,20,400,8000,39.26064688996632,0.21348754503093892
38.63,2.95,20,400,8000,39.26064688996632,0.21348754503093892
17.77,1.11,20,400,8000,17.492362946748717,0.16176776985048763
31.11,2.05,20,400,8000,28.613116700349007,0.13082648388911197
35.16,2.95,20,400,8000,39.26064688996632,0.21348754503093892
45.1,2.95,20,400,8000,39.26064688996632,0.21348754503093892
18.13,1.11,20,400,8000,17.492362946748717,0.16176776985048763
19.84,1.11,20,400,8000,17.492362946748717,0.16176776985048763
19.01,1.11,20,400,8000,17.492362946748717,0.16176776985048763
28.8,2.05,20,400,8000,28.613116700349007,0.13082648388911197
9.45,2.05,20,400,8000,28.613116700349007,0.13082648388911197
17.8,1.11,20,400,8000,17.492362946748717,0.16176776985048763
28.65,2.05,20,400,8000,28.613116700349007,0.13082648388911197
29.97,2.05,20,400,8000,28.613116700349007,0.13082648388911197
50.21,2.95,20,400,8000,39.26064688996632,0.21348754503093892
33.1,2.05,20,400,8000,28.613116700349007,0.13082648388911197
44.4,2.95,20,400,8000,39.26064688996632,0.21348754503093892
20.16,1.11,20,400,8000,17.492362946748717,0.16176776985048763
28.07,2.05,20,400,8000,28.613116700349007,0.13082648388911197
19.9,1.11,20,400,8000,17.492362946748717,0.16176776985048763
29.8,2.05,20,400,8000,28.613116700349007,0.13082648388911197
37.2,2.95,20,400,8000,39.26064688996632,0.21348754503093892
47,2.95,20,400,8000,39.26064688996632,0.21348754503093892
22.1,1.11,20,400,8000,17.492362946748717,0.16176776985048763
33.87,2.05,20,400,8000,28.613116700349007,0.13082648388911197
40.95,2.95,20,400,8000,39.26064688996632,0.21348754503093892
50.98,2.95,20,400,8000,39.26064688996632,0.21348754503093892
21.79,1.11,20,400,8000,17.492362946748717,0.16176776985048763
28.8,2.05,20,400,8000,28.613116700349007,0.13082648388911197
40.58,2.95,20,400,8000,39.26064688996632,0.21348754503093892
52.66,2.95,20,400,8000,39.26064688996632,0.21348754503093892
18.1,1.11,20,400,8000,17.492362946748717,0.16176776985048763
38.9,2.05,20,400,8000,28.613116700349007,0.13082648388911197
40.7,2.95,20,400,8000,39.26064688996632,0.21348754503093892
43.8,2.95,20,400,8000,39.26064688996632,0.21348754503093892
23.19,1.11,20,400,8000,17.492362946748717,0.16176776985048763
37.78,2.05,20,400,8000,28.613116700349007,0.13082648388911197
41.68,2.95,20,400,8000,39.26064688996632,0.21348754503093892
19.3,1.11,20,400,8000,17.492362946748717,0.16176776985048763
34.8,2.05,20,400,8000,28.613116700349007,0.13082648388911197
19.32,1.11,20,400,8000,17.492362946748717,0.16176776985048763
31.79,2.05,20,400,8000,28.613116700349007,0.13082648388911197
30.24,2.05,20,400,8000,28.613116700349007,0.13082648388911197
21.78,1.11,20,400,8000,17.492362946748717,0.16176776985048763
33.68,2.05,20,400,8000,28.613116700349007,0.13082648388911197
40.63,2.95,20,400,8000,39.26064688996632,0.21348754503093892
20.61,1.11,20,400,8000,17.492362946748717,0.16176776985048763
27.69,2.05,20,400,8000,28.613116700349007,0.13082648388911197
35.32,2.95,20,400,8000,39.26064688996632,0.21348754503093892
38.04,2.95,20,400,8000,39.26064688996632,0.21348754503093892
19.48,1.11,20,400,8000,17.492362946748717,0.16176776985048763
31.55,2.05,20,400,8000,28.613116700349007,0.13082648388911197
34.3,2.05,20,400,8000,28.613116700349007,0.13082648388911197
36.36,2.95,20,400,8000,39.26064688996632,0.21348754503093892
20.21,1.11,20,400,8000,17.492362946748717,0.16176776985048763
32.56,2.05,20,400,8000,28.613116700349007,0.13082648388911197
37.26,2.95,20,400,8000,39.26064688996632,0.21348754503093892
17.19,1.11,20,400,8000,17.492362946748717,0.16176776985048763
31.7,2.05,20,400,8000,28.613116700349007,0.13082648388911197
21.51,1.11,20,400,8000,17.492362946748717,0.16176776985048763
33.97,2.05,20,400,8000,28.613116700349007,0.13082648388911197
46.28,2.95,20,400,8000,39.26064688996632,0.21348754503093892
41.44,2.95,20,400,8000,39.26064688996632,0.21348754503093892
20.64,1.11,20,400,8000,17.492362946748717,0.16176776985048763
33.26,2.05,20,400,8000,28.613116700349007,0.13082648388911197
22.03,1.11,20,400,8000,17.492362946748717,0.16176776985048763
33.81,2.05,20,400,8000,28.613116700349007,0.13082648388911197
30.25,2.95,20,400,8000,39.26064688996632,0.21348754503093892
51.65,2.95,20,400,8000,39.26064688996632,0.21348754503093892
20.63,1.11,20,400,8000,17.492362946748717,0.16176776985048763
32.9,2.05,20,400,8000,28.613116700349007,0.13082648388911197
20.09,1.11,20,400,8000,17.492362946748717,0.16176776985048763
27.52,2.05,20,400,8000,28.613116700349007,0.13082648388911197
30.12,2.05,20,400,8000,28.613116700349007,0.13082648388911197
25.82,1.11,20,400,8000,17.492362946748717,0.16176776985048763
21.03,2.05,20,400,8000,28.613116700349007,0.13082648388911197
39.14,2.05,20,400,8000,28.613116700349007,0.13082648388911197
27.16,1.11,20,400,8000,17.492362946748717,0.16176776985048763
43.87,2.05,20,400,8000,28.613116700349007,0.13082648388911197
15.6,1.11,15,225,3375,14.813605655308137,0.14634752024766773
21.89,2.05,15,225,3375,23.43839493991708,0.11601154592308668
19.8,2.05,15,225,3375,23.43839493991708,0.11601154592308668
15.2,1.11,15,225,3375,14.813605655308137,0.14634752024766773
17.85,1.11,15,225,3375,14.813605655308137,0.14634752024766773
23.84,2.05,15,225,3375,23.43839493991708,0.11601154592308668
31.02,2.95,15,225,3375,31.69617191454267,0.17296968126572118
11.27,1.11,15,225,3375,14.813605655308137,0.14634752024766773
21.46,2.05,15,225,3375,23.43839493991708,0.11601154592308668
20.76,2.05,15,225,3375,23.43839493991708,0.11601154592308668
15.88,1.11,15,225,3375,14.813605655308137,0.14634752024766773
19.78,2.05,15,225,3375,23.43839493991708,0.11601154592308668
23.33,2.05,15,225,3375,23.43839493991708,0.11601154592308668
30.9,2.95,15,225,3375,31.69617191454267,0.17296968126572118
14.06,1.11,15,225,3375,14.813605655308137,0.14634752024766773
18.46,2.05,15,225,3375,23.43839493991708,0.11601154592308668
19.82,2.05,15,225,3375,23.43839493991708,0.11601154592308668
28.17,2.95,15,225,3375,31.69617191454267,0.17296968126572118
15.03,1.11,15,225,3375,14.813605655308137,0.14634752024766773
22.99,2.05,15,225,3375,23.43839493991708,0.11601154592308668
25.11,2.05,15,225,3375,23.43839493991708,0.11601154592308668
34.72,2.95,15,225,3375,31.69617191454267,0.17296968126572118
14.7,1.11,15,225,3375,14.813605655308137,0.14634752024766773
22.41,2.05,15,225,3375,23.43839493991708,0.11601154592308668
11.69,1.11,15,225,3375,14.813605655308137,0.14634752024766773
17.07,2.05,15,225,3375,23.43839493991708,0.11601154592308668
22.79,2.05,15,225,3375,23.43839493991708,0.11601154592308668
12.48,1.11,15,225,3375,14.813605655308137,0.14634752024766773
27.74,2.05,15,225,3375,23.43839493991708,0.11601154592308668
31.84,2.95,15,225,3375,31.69617191454267,0.17296968126572118
29.58,2.95,15,225,3375,31.69617191454267,0.17296968126572118
14.79,1.11,15,225,3375,14.813605655308137,0.14634752024766773
23.03,2.05,15,225,3375,23.43839493991708,0.11601154592308668
32.88,2.95,15,225,3375,31.69617191454267,0.17296968126572118
34.51,2.95,15,225,3375,31.69617191454267,0.17296968126572118
14.54,1.11,15,225,3375,14.813605655308137,0.14634752024766773
28.4,2.05,15,225,3375,23.43839493991708,0.11601154592308668
24.47,2.05,15,225,3375,23.43839493991708,0.11601154592308668
16.66,1.11,15,225,3375,14.813605655308137,0.14634752024766773
22.03,2.05,15,225,3375,23.43839493991708,0.11601154592308668
30.86,2.95,15,225,3375,31.69617191454267,0.17296968126572118
35.76,2.95,15,225,3375,31.69617191454267,0.17296968126572118
13.06,1.11,15,225,3375,14.813605655308137,0.14634752024766773
16.48,2.05,15,225,3375,23.43839493991708,0.11601154592308668
23.73,2.05,15,225,3375,23.43839493991708,0.11601154592308668
15.74,1.11,15,225,3375,14.813605655308137,0.14634752024766773
27.2,2.95,15,225,3375,31.69617191454267,0.17296968126572118
33.95,2.95,15,225,3375,31.69617191454267,0.17296968126572118
35.63,2.05,15,225,3375,23.43839493991708,0.11601154592308668
14.57,1.11,15,225,3375,14.813605655308137,0.14634752024766773
14.28,1.11,15,225,3375,14.813605655308137,0.14634752024766773
20.42,2.05,15,225,3375,23.43839493991708,0.11601154592308668
13.73,1.11,15,225,3375,14.813605655308137,0.14634752024766773
17.17,1.11,15,225,3375,14.813605655308137,0.14634752024766773
25.13,2.05,15,225,3375,23.43839493991708,0.11601154592308668
32.4,2.95,15,225,3375,31.69617191454267,0.17296968126572118
13.15,1.11,15,225,3375,14.813605655308137,0.14634752024766773
16.03,2.05,15,225,3375,23.43839493991708,0.11601154592308668
21.15,2.05,15,225,3375,23.43839493991708,0.11601154592308668
31.17,2.95,15,225,3375,31.69617191454267,0.17296968126572118
17.77,1.11,15,225,3375,14.813605655308137,0.14634752024766773
27.13,2.05,15,225,3375,23.43839493991708,0.11601154592308668
28.82,2.05,15,225,3375,23.43839493991708,0.11601154592308668
36.83,2.95,15,225,3375,31.69617191454267,0.17296968126572118
17.24,1.11,15,225,3375,14.813605655308137,0.14634752024766773
19.2,2.05,15,225,3375,23.43839493991708,0.11601154592308668
31.41,2.95,15,225,3375,31.69617191454267,0.17296968126572118
33.13,2.95,15,225,3375,31.69617191454267,0.17296968126572118
15.87,1.11,15,225,3375,14.813605655308137,0.14634752024766773
25.95,2.05,15,225,3375,23.43839493991708,0.11601154592308668
28.65,2.95,15,225,3375,31.69617191454267,0.17296968126572118
38.18,2.95,15,225,3375,31.69617191454267,0.17296968126572118
15.92,1.11,15,225,3375,14.813605655308137,0.14634752024766773
23.71,2.05,15,225,3375,23.43839493991708,0.11601154592308668
15.55,1.11,15,225,3375,14.813605655308137,0.14634752024766773
23.9,2.05,15,225,3375,23.43839493991708,0.11601154592308668
23.14,2.05,15,225,3375,23.43839493991708,0.11601154592308668
40.9,2.95,15,225,3375,31.69617191454267,0.17296968126572118
13.94,1.11,15,225,3375,14.813605655308137,0.14634752024766773
23.01,2.05,15,225,3375,23.43839493991708,0.11601154592308668
22.15,2.05,15,225,3375,23.43839493991708,0.11601154592308668
36.55,2.95,15,225,3375,31.69617191454267,0.17296968126572118
27.5,2.05,15,225,3375,23.43839493991708,0.11601154592308668
35.1,2.95,15,225,3375,31.69617191454267,0.17296968126572118
15.49,1.11,15,225,3375,14.813605655308137,0.14634752024766773
22.64,2.05,15,225,3375,23.43839493991708,0.11601154592308668
34.03,2.95,15,225,3375,31.69617191454267,0.17296968126572118
16.3,1.11,15,225,3375,14.813605655308137,0.14634752024766773
23.7,2.05,15,225,3375,23.43839493991708,0.11601154592308668
30.6,2.95,15,225,3375,31.69617191454267,0.17296968126572118
37.2,2.95,15,225,3375,31.69617191454267,0.17296968126572118
17.76,1.11,15,225,3375,14.813605655308137,0.14634752024766773
27.15,2.05,15,225,3375,23.43839493991708,0.11601154592308668
34.31,2.95,15,225,3375,31.69617191454267,0.17296968126572118
17.03,1.11,15,225,3375,14.813605655308137,0.14634752024766773
25.09,2.05,15,225,3375,23.43839493991708,0.11601154592308668
31.78,2.95,15,225,3375,31.69617191454267,0.17296968126572118
42.58,2.95,15,225,3375,31.69617191454267,0.17296968126572118
14.6,1.11,15,225,3375,14.813605655308137,0.14634752024766773
24.6,2.05,15,225,3375,23.43839493991708,0.11601154592308668
31,2.95,15,225,3375,31.69617191454267,0.17296968126572118
33.5,2.95,15,225,3375,31.69617191454267,0.17296968126572118
16.375,1.11,15,225,3375,14.813605655308137,0.14634752024766773
25.2,2.05,15,225,3375,23.43839493991708,0.11601154592308668
32.56,2.95,15,225,3375,31.69617191454267,0.17296968126572118
39.32,2.95,15,225,3375,31.69617191454267,0.17296968126572118
13,1.11,15,225,3375,14.813605655308137,0.14634752024766773
24.2,2.05,15,225,3375,23.43839493991708,0.11601154592308668
35,2.95,15,225,3375,31.69617191454267,0.17296968126572118
14.71,1.11,15,225,3375,14.813605655308137,0.14634752024766773
22.37,2.05,15,225,3375,23.43839493991708,0.11601154592308668
22.11,2.05,15,225,3375,23.43839493991708,0.11601154592308668
39.37,2.95,15,225,3375,31.69617191454267,0.17296968126572118
15.46,1.11,15,225,3375,14.813605655308137,0.14634752024766773
25.15,2.05,15,225,3375,23.43839493991708,0.11601154592308668
33.42,2.95,15,225,3375,31.69617191454267,0.17296968126572118
36.04,2.95,15,225,3375,31.69617191454267,0.17296968126572118
14.84,1.11,15,225,3375,14.813605655308137,0.14634752024766773
27.3,2.95,15,225,3375,31.69617191454267,0.17296968126572118
22.56,2.05,15,225,3375,23.43839493991708,0.11601154592308668
24.36,2.95,15,225,3375,31.69617191454267,0.17296968126572118
13.84,1.11,15,225,3375,14.813605655308137,0.14634752024766773
22.15,2.05,15,225,3375,23.43839493991708,0.11601154592308668
25.81,2.95,15,225,3375,31.69617191454267,0.17296968126572118
30.3,2.95,15,225,3375,31.69617191454267,0.17296968126572118
17.16,1.11,15,225,3375,14.813605655308137,0.14634752024766773
24.58,2.05,15,225,3375,23.43839493991708,0.11601154592308668
31.44,2.95,15,225,3375,31.69617191454267,0.17296968126572118
34.74,2.95,15,225,3375,31.69617191454267,0.17296968126572118
14.61,1.11,15,225,3375,14.813605655308137,0.14634752024766773
22.96,2.05,15,225,3375,23.43839493991708,0.11601154592308668
33.6,2.95,15,225,3375,31.69617191454267,0.17296968126572118
14.82,1.11,15,225,3375,14.813605655308137,0.14634752024766773
24.99,2.05,15,225,3375,23.43839493991708,0.11601154592308668
34.76,2.95,15,225,3375,31.69617191454267,0.17296968126572118
36.57,2.95,15,225,3375,31.69617191454267,0.17296968126572118
16.17,1.11,15,225,3375,14.813605655308137,0.14634752024766773
26.01,2.05,15,225,3375,23.43839493991708,0.11601154592308668
32.09,2.95,15,225,3375,31.69617191454267,0.17296968126572118
16.05,1.11,15,225,3375,14.813605655308137,0.14634752024766773
25.24,2.05,15,225,3375,23.43839493991708,0.11601154592308668
21.87,2.95,15,225,3375,31.69617191454267,0.17296968126572118
37.85,2.95,15,225,3375,31.69617191454267,0.17296968126572118
14.37,1.11,15,225,3375,14.813605655308137,0.14634752024766773
24.7,2.05,15,225,3375,23.43839493991708,0.11601154592308668
25.42,2.05,15,225,3375,23.43839493991708,0.11601154592308668
15.23,1.11,15,225,3375,14.813605655308137,0.14634752024766773
22.93,2.05,15,225,3375,23.43839493991708,0.11601154592308668
25.72,2.05,15,225,3375,23.43839493991708,0.11601154592308668
35.29,2.95,15,225,3375,31.69617191454267,0.17296968126572118
21.63,1.11,15,225,3375,14.813605655308137,0.14634752024766773
27.89,2.05,15,225,3375,23.43839493991708,0.11601154592308668
32.6,2.05,15,225,3375,23.43839493991708,0.11601154592308668
22.36,1.11,15,225,3375,14.813605655308137,0.14634752024766773
35.56,2.05,15,225,3375,23.43839493991708,0.11601154592308668
34.58,2.95,15,225,3375,31.69617191454267,0.17296968126572118
47.33,2.95,15,225,3375,31.69617191454267,0.17296968126572118
13,1.11,10,100,1000,12.367103782555878,0.13220936006437028
17.45,2.05,10,100,1000,18.692613367152777,0.10268784714530516
17.76,2.05,10,100,1000,18.692613367152777,0.10268784714530516
12.37,1.11,10,100,1000,12.367103782555878,0.13220936006437028
15.15,1.11,10,100,1000,12.367103782555878,0.13220936006437028
19.2,2.05,10,100,1000,18.692613367152777,0.10268784714530516
24.45,2.95,10,100,1000,24.748952331128535,0.14627792377741
16.73,2.05,10,100,1000,18.692613367152777,0.10268784714530516
14.29,2.05,10,100,1000,18.692613367152777,0.10268784714530516
25.3,2.95,10,100,1000,24.748952331128535,0.14627792377741
14.61,1.11,10,100,1000,12.367103782555878,0.13220936006437028
15.97,2.05,10,100,1000,18.692613367152777,0.10268784714530516
18.18,2.05,10,100,1000,18.692613367152777,0.10268784714530516
22.7,2.95,10,100,1000,24.748952331128535,0.14627792377741
11.12,1.11,10,100,1000,12.367103782555878,0.13220936006437028
16.27,2.05,10,100,1000,18.692613367152777,0.10268784714530516
15.84,2.05,10,100,1000,18.692613367152777,0.10268784714530516
20.98,2.95,10,100,1000,24.748952331128535,0.14627792377741
11.94,1.11,10,100,1000,12.367103782555878,0.13220936006437028
17.15,2.05,10,100,1000,18.692613367152777,0.10268784714530516
26.91,2.95,10,100,1000,24.748952331128535,0.14627792377741
25.57,2.95,10,100,1000,24.748952331128535,0.14627792377741
12.76,1.11,10,100,1000,12.367103782555878,0.13220936006437028
17.82,2.05,10,100,1000,18.692613367152777,0.10268784714530516
15.61,2.05,10,100,1000,18.692613367152777,0.10268784714530516
8.47,1.11,10,100,1000,12.367103782555878,0.13220936006437028
17.17,2.05,10,100,1000,18.692613367152777,0.10268784714530516
22.91,2.95,10,100,1000,24.748952331128535,0.14627792377741
15.09,2.95,10,100,1000,24.748952331128535,0.14627792377741
9.25,1.11,10,100,1000,12.367103782555878,0.13220936006437028
23.79,2.95,10,100,1000,24.748952331128535,0.14627792377741
20.08,2.05,10,100,1000,18.692613367152777,0.10268784714530516
26.24,2.95,10,100,1000,24.748952331128535,0.14627792377741
11.77,1.11,10,100,1000,12.367103782555878,0.13220936006437028
18.02,2.05,10,100,1000,18.692613367152777,0.10268784714530516
24.62,2.95,10,100,1000,24.748952331128535,0.14627792377741
25.09,2.95,10,100,1000,24.748952331128535,0.14627792377741
11.53,1.11,10,100,1000,12.367103782555878,0.13220936006437028
18.65,2.05,10,100,1000,18.692613367152777,0.10268784714530516
23.68,2.95,10,100,1000,24.748952331128535,0.14627792377741
29.24,2.95,10,100,1000,24.748952331128535,0.14627792377741
11.82,1.11,10,100,1000,12.367103782555878,0.13220936006437028
18.19,2.05,10,100,1000,18.692613367152777,0.10268784714530516
23.73,2.95,10,100,1000,24.748952331128535,0.14627792377741
26.51,2.95,10,100,1000,24.748952331128535,0.14627792377741
10.49,1.11,10,100,1000,12.367103782555878,0.13220936006437028
13.05,2.05,10,100,1000,18.692613367152777,0.10268784714530516
19.38,2.05,10,100,1000,18.692613367152777,0.10268784714530516
25.32,2.95,10,100,1000,24.748952331128535,0.14627792377741
13.15,1.11,10,100,1000,12.367103782555878,0.13220936006437028
23.31,2.95,10,100,1000,24.748952331128535,0.14627792377741
25.11,2.95,10,100,1000,24.748952331128535,0.14627792377741
28.89,2.05,10,100,1000,18.692613367152777,0.10268784714530516
11.84,1.11,10,100,1000,12.367103782555878,0.13220936006437028
13.37,1.11,10,100,1000,12.367103782555878,0.13220936006437028
16,2.05,10,100,1000,18.692613367152777,0.10268784714530516
11.51,1.11,10,100,1000,12.367103782555878,0.13220936006437028
13.4,1.11,10,100,1000,12.367103782555878,0.13220936006437028
19.85,2.05,10,100,1000,18.692613367152777,0.10268784714530516
24.29,2.95,10,100,1000,24.748952331128535,0.14627792377741
11.29,1.11,10,100,1000,12.367103782555878,0.13220936006437028
15.87,2.05,10,100,1000,18.692613367152777,0.10268784714530516
15.36,2.05,10,100,1000,18.692613367152777,0.10268784714530516
21.42,2.95,10,100,1000,24.748952331128535,0.14627792377741
12.36,1.11,10,100,1000,12.367103782555878,0.13220936006437028
19.58,2.05,10,100,1000,18.692613367152777,0.10268784714530516
21.11,2.05,10,100,1000,18.692613367152777,0.10268784714530516
26.62,2.95,10,100,1000,24.748952331128535,0.14627792377741
14.42,1.11,10,100,1000,12.367103782555878,0.13220936006437028
15.54,2.05,10,100,1000,18.692613367152777,0.10268784714530516
24.27,2.95,10,100,1000,24.748952331128535,0.14627792377741
13.02,1.11,10,100,1000,12.367103782555878,0.13220936006437028
21.2,2.05,10,100,1000,18.692613367152777,0.10268784714530516
23.34,2.95,10,100,1000,24.748952331128535,0.14627792377741
29.03,2.95,10,100,1000,24.748952331128535,0.14627792377741
13.31,1.11,10,100,1000,12.367103782555878,0.13220936006437028
18.43,2.05,10,100,1000,18.692613367152777,0.10268784714530516
24.55,2.95,10,100,1000,24.748952331128535,0.14627792377741
13,1.11,10,100,1000,12.367103782555878,0.13220936006437028
17.8,2.05,10,100,1000,18.692613367152777,0.10268784714530516
18.24,2.05,10,100,1000,18.692613367152777,0.10268784714530516
31.3,2.95,10,100,1000,24.748952331128535,0.14627792377741
11.66,1.11,10,100,1000,12.367103782555878,0.13220936006437028
16.84,2.05,10,100,1000,18.692613367152777,0.10268784714530516
17.74,2.05,10,100,1000,18.692613367152777,0.10268784714530516
29.13,2.95,10,100,1000,24.748952331128535,0.14627792377741
17.3,2.05,10,100,1000,18.692613367152777,0.10268784714530516
26.3,2.95,10,100,1000,24.748952331128535,0.14627792377741
12.52,1.11,10,100,1000,12.367103782555878,0.13220936006437028
17.65,2.05,10,100,1000,18.692613367152777,0.10268784714530516
25.66,2.95,10,100,1000,24.748952331128535,0.14627792377741
13.8,1.11,10,100,1000,12.367103782555878,0.13220936006437028
19.3,2.05,10,100,1000,18.692613367152777,0.10268784714530516
23.6,2.95,10,100,1000,24.748952331128535,0.14627792377741
29.4,2.95,10,100,1000,24.748952331128535,0.14627792377741
15.66,1.11,10,100,1000,12.367103782555878,0.13220936006437028
21.33,2.05,10,100,1000,18.692613367152777,0.10268784714530516
29.15,2.95,10,100,1000,24.748952331128535,0.14627792377741
32.46,2.95,10,100,1000,24.748952331128535,0.14627792377741
13.68,1.11,10,100,1000,12.367103782555878,0.13220936006437028
19.99,2.05,10,100,1000,18.692613367152777,0.10268784714530516
25,2.95,10,100,1000,24.748952331128535,0.14627792377741
30.93,2.95,10,100,1000,24.748952331128535,0.14627792377741
12.2,1.11,10,100,1000,12.367103782555878,0.13220936006437028
23,2.95,10,100,1000,24.748952331128535,0.14627792377741
22.3,2.05,10,100,1000,18.692613367152777,0.10268784714530516
25.4,2.95,10,100,1000,24.748952331128535,0.14627792377741
11.8,1.11,10,100,1000,12.367103782555878,0.13220936006437028
18.61,2.05,10,100,1000,18.692613367152777,0.10268784714530516
29.2,2.95,10,100,1000,24.748952331128535,0.14627792377741
28.06,2.95,10,100,1000,24.748952331128535,0.14627792377741
10.4,1.11,10,100,1000,12.367103782555878,0.13220936006437028
18.3,2.05,10,100,1000,18.692613367152777,0.10268784714530516
24.8,2.95,10,100,1000,24.748952331128535,0.14627792377741
11.7,1.11,10,100,1000,12.367103782555878,0.13220936006437028
17.16,2.05,10,100,1000,18.692613367152777,0.10268784714530516
26.84,2.95,10,100,1000,24.748952331128535,0.14627792377741
23.01,2.95,10,100,1000,24.748952331128535,0.14627792377741
12.02,1.11,10,100,1000,12.367103782555878,0.13220936006437028
19.93,2.05,10,100,1000,18.692613367152777,0.10268784714530516
27.37,2.95,10,100,1000,24.748952331128535,0.14627792377741
27.51,2.95,10,100,1000,24.748952331128535,0.14627792377741
11.91,1.11,10,100,1000,12.367103782555878,0.13220936006437028
22.62,2.95,10,100,1000,24.748952331128535,0.14627792377741
17.94,2.05,10,100,1000,18.692613367152777,0.10268784714530516
16.41,2.95,10,100,1000,24.748952331128535,0.14627792377741
10.78,1.11,10,100,1000,12.367103782555878,0.13220936006437028
17.13,2.05,10,100,1000,18.692613367152777,0.10268784714530516
18.49,2.05,10,100,1000,18.692613367152777,0.10268784714530516
23.16,2.95,10,100,1000,24.748952331128535,0.14627792377741
13.49,1.11,10,100,1000,12.367103782555878,0.13220936006437028
19.59,2.05,10,100,1000,18.692613367152777,0.10268784714530516
25.1,2.95,10,100,1000,24.748952331128535,0.14627792377741
26.78,2.95,10,100,1000,24.748952331128535,0.14627792377741
18.41,2.05,10,100,1000,18.692613367152777,0.10268784714530516
12.59,1.11,10,100,1000,12.367103782555878,0.13220936006437028
25.99,2.95,10,100,1000,24.748952331128535,0.14627792377741
24.36,2.95,10,100,1000,24.748952331128535,0.14627792377741
12.1,1.11,10,100,1000,12.367103782555878,0.13220936006437028
19.18,2.05,10,100,1000,18.692613367152777,0.10268784714530516
27.06,2.95,10,100,1000,24.748952331128535,0.14627792377741
27.83,2.95,10,100,1000,24.748952331128535,0.14627792377741
13.24,1.11,10,100,1000,12.367103782555878,0.13220936006437028
20.54,2.05,10,100,1000,18.692613367152777,0.10268784714530516
22.85,2.95,10,100,1000,24.748952331128535,0.14627792377741
12.33,1.11,10,100,1000,12.367103782555878,0.13220936006437028
18.32,2.05,10,100,1000,18.692613367152777,0.10268784714530516
14.62,2.05,10,100,1000,18.692613367152777,0.10268784714530516
28.94,2.95,10,100,1000,24.748952331128535,0.14627792377741
11.36,1.11,10,100,1000,12.367103782555878,0.13220936006437028
18.7,2.05,10,100,1000,18.692613367152777,0.10268784714530516
19.55,2.05,10,100,1000,18.692613367152777,0.10268784714530516
26.71,2.95,10,100,1000,24.748952331128535,0.14627792377741
12.66,1.11,10,100,1000,12.367103782555878,0.13220936006437028
18.62,2.05,10,100,1000,18.692613367152777,0.10268784714530516
23.49,2.05,10,100,1000,18.692613367152777,0.10268784714530516
26.55,2.95,10,100,1000,24.748952331128535,0.14627792377741
15.3,1.11,10,100,1000,12.367103782555878,0.13220936006437028
22.37,2.05,10,100,1000,18.692613367152777,0.10268784714530516
24.55,2.05,10,100,1000,18.692613367152777,0.10268784714530516
38.5,2.95,10,100,1000,24.748952331128535,0.14627792377741
15.27,1.11,10,100,1000,12.367103782555878,0.13220936006437028
26.1,2.05,10,100,1000,18.692613367152777,0.10268784714530516
30.16,2.95,10,100,1000,24.748952331128535,0.14627792377741
36.93,2.95,10,100,1000,24.748952331128535,0.14627792377741
12.37,2.05,5,25,125,14.595718219308562,0.10215721829781944
10.57,1.11,5,25,125,10.271950169150598,0.12697793857528963
12.64,2.05,5,25,125,14.595718219308562,0.10215721829781944
9.98,1.11,5,25,125,10.271950169150598,0.12697793857528963
11.36,1.11,5,25,125,10.271950169150598,0.12697793857528963
14,2.05,5,25,125,14.595718219308562,0.10215721829781944
17.95,2.95,5,25,125,18.735496139672577,0.14601179558985866
11.23,2.05,5,25,125,14.595718219308562,0.10215721829781944
11.03,2.05,5,25,125,14.595718219308562,0.10215721829781944
15.73,2.95,5,25,125,18.735496139672577,0.14601179558985866
10.89,1.11,5,25,125,10.271950169150598,0.12697793857528963
11.15,2.05,5,25,125,14.595718219308562,0.10215721829781944
15.07,2.95,5,25,125,18.735496139672577,0.14601179558985866
12.26,2.05,5,25,125,14.595718219308562,0.10215721829781944
8.24,1.11,5,25,125,10.271950169150598,0.12697793857528963
12.56,2.95,5,25,125,18.735496139672577,0.14601179558985866
11.92,2.05,5,25,125,14.595718219308562,0.10215721829781944
14.73,2.95,5,25,125,18.735496139672577,0.14601179558985866
9.78,1.11,5,25,125,10.271950169150598,0.12697793857528963
12.37,2.05,5,25,125,14.595718219308562,0.10215721829781944
18.69,2.95,5,25,125,18.735496139672577,0.14601179558985866
18.35,2.95,5,25,125,18.735496139672577,0.14601179558985866
10.17,1.11,5,25,125,10.271950169150598,0.12697793857528963
12.81,2.05,5,25,125,14.595718219308562,0.10215721829781944
7.07,1.11,5,25,125,10.271950169150598,0.12697793857528963
11.7,2.05,5,25,125,14.595718219308562,0.10215721829781944
15.01,2.95,5,25,125,18.735496139672577,0.14601179558985866
14.88,2.95,5,25,125,18.735496139672577,0.14601179558985866
6.24,1.11,5,25,125,10.271950169150598,0.12697793857528963
15.85,2.95,5,25,125,18.735496139672577,0.14601179558985866
14.73,2.05,5,25,125,14.595718219308562,0.10215721829781944
18.41,2.95,5,25,125,18.735496139672577,0.14601179558985866
11.09,1.11,5,25,125,10.271950169150598,0.12697793857528963
13.04,2.05,5,25,125,14.595718219308562,0.10215721829781944
17.86,2.95,5,25,125,18.735496139672577,0.14601179558985866
21.97,2.95,5,25,125,18.735496139672577,0.14601179558985866
9.11,1.11,5,25,125,10.271950169150598,0.12697793857528963
14.62,2.05,5,25,125,14.595718219308562,0.10215721829781944
21.23,2.95,5,25,125,18.735496139672577,0.14601179558985866
19.22,2.95,5,25,125,18.735496139672577,0.14601179558985866
9.27,1.11,5,25,125,10.271950169150598,0.12697793857528963
11.29,2.05,5,25,125,14.595718219308562,0.10215721829781944
17.84,2.95,5,25,125,18.735496139672577,0.14601179558985866
16.23,2.95,5,25,125,18.735496139672577,0.14601179558985866
8.16,1.11,5,25,125,10.271950169150598,0.12697793857528963
8.88,2.05,5,25,125,14.595718219308562,0.10215721829781944
14.11,2.95,5,25,125,18.735496139672577,0.14601179558985866
19.29,2.95,5,25,125,18.735496139672577,0.14601179558985866
10.25,1.11,5,25,125,10.271950169150598,0.12697793857528963
17.88,2.95,5,25,125,18.735496139672577,0.14601179558985866
17.72,2.95,5,25,125,18.735496139672577,0.14601179558985866
24.16,2.05,5,25,125,14.595718219308562,0.10215721829781944
9.76,1.11,5,25,125,10.271950169150598,0.12697793857528963
12.39,2.05,5,25,125,14.595718219308562,0.10215721829781944
11.85,2.05,5,25,125,14.595718219308562,0.10215721829781944
9.37,1.11,5,25,125,10.271950169150598,0.12697793857528963
10.78,1.11,5,25,125,10.271950169150598,0.12697793857528963
13.81,2.05,5,25,125,14.595718219308562,0.10215721829781944
18,2.95,5,25,125,18.735496139672577,0.14601179558985866
11.62,2.05,5,25,125,14.595718219308562,0.10215721829781944
8.83,1.11,5,25,125,10.271950169150598,0.12697793857528963
14.79,2.95,5,25,125,18.735496139672577,0.14601179558985866
15.79,2.95,5,25,125,18.735496139672577,0.14601179558985866
10.38,1.11,5,25,125,10.271950169150598,0.12697793857528963
15.14,2.05,5,25,125,14.595718219308562,0.10215721829781944
18.34,2.95,5,25,125,18.735496139672577,0.14601179558985866
20.75,2.95,5,25,125,18.735496139672577,0.14601179558985866
11.52,1.11,5,25,125,10.271950169150598,0.12697793857528963
11.3,2.05,5,25,125,14.595718219308562,0.10215721829781944
17.89,2.95,5,25,125,18.735496139672577,0.14601179558985866
10.36,1.11,5,25,125,10.271950169150598,0.12697793857528963
16.6,2.95,5,25,125,18.735496139672577,0.14601179558985866
15.62,2.05,5,25,125,14.595718219308562,0.10215721829781944
21.06,2.95,5,25,125,18.735496139672577,0.14601179558985866
10.9,1.11,5,25,125,10.271950169150598,0.12697793857528963
13,2.05,5,25,125,14.595718219308562,0.10215721829781944
17.38,2.95,5,25,125,18.735496139672577,0.14601179558985866
14.6,2.05,5,25,125,14.595718219308562,0.10215721829781944
10.82,1.11,5,25,125,10.271950169150598,0.12697793857528963
13.94,2.05,5,25,125,14.595718219308562,0.10215721829781944
21.9,2.95,5,25,125,18.735496139672577,0.14601179558985866
9.75,1.11,5,25,125,10.271950169150598,0.12697793857528963
13.87,2.05,5,25,125,14.595718219308562,0.10215721829781944
20.98,2.95,5,25,125,18.735496139672577,0.14601179558985866
11.5,2.05,5,25,125,14.595718219308562,0.10215721829781944
19.2,2.95,5,25,125,18.735496139672577,0.14601179558985866
12.26,2.05,5,25,125,14.595718219308562,0.10215721829781944
9.49,1.11,5,25,125,10.271950169150598,0.12697793857528963
21.21,2.95,5,25,125,18.735496139672577,0.14601179558985866
13.9,2.05,5,25,125,14.595718219308562,0.10215721829781944
10.6,1.11,5,25,125,10.271950169150598,0.12697793857528963
18,2.95,5,25,125,18.735496139672577,0.14601179558985866
21.2,2.95,5,25,125,18.735496139672577,0.14601179558985866
13.42,1.11,5,25,125,10.271950169150598,0.12697793857528963
17.01,2.05,5,25,125,14.595718219308562,0.10215721829781944
23.47,2.95,5,25,125,18.735496139672577,0.14601179558985866
22.97,2.95,5,25,125,18.735496139672577,0.14601179558985866
11.23,1.11,5,25,125,10.271950169150598,0.12697793857528963
16.5,2.05,5,25,125,14.595718219308562,0.10215721829781944
17.7,2.95,5,25,125,18.735496139672577,0.14601179558985866
20.08,2.95,5,25,125,18.735496139672577,0.14601179558985866
9.84,1.11,5,25,125,10.271950169150598,0.12697793857528963
16.9,2.95,5,25,125,18.735496139672577,0.14601179558985866
17.1,2.05,5,25,125,14.595718219308562,0.10215721829781944
19,2.95,5,25,125,18.735496139672577,0.14601179558985866
9.82,1.11,5,25,125,10.271950169150598,0.12697793857528963
12.89,2.05,5,25,125,14.595718219308562,0.10215721829781944
21.23,2.95,5,25,125,18.735496139672577,0.14601179558985866
19.32,2.95,5,25,125,18.735496139672577,0.14601179558985866
7.48,1.11,5,25,125,10.271950169150598,0.12697793857528963
13.3,2.05,5,25,125,14.595718219308562,0.10215721829781944
18.5,2.95,5,25,125,18.735496139672577,0.14601179558985866
8.79,1.11,5,25,125,10.271950169150598,0.12697793857528963
12.44,2.05,5,25,125,14.595718219308562,0.10215721829781944
17.3,2.95,5,25,125,18.735496139672577,0.14601179558985866
16.23,2.95,5,25,125,18.735496139672577,0.14601179558985866
9.41,1.11,5,25,125,10.271950169150598,0.12697793857528963
14.54,2.05,5,25,125,14.595718219308562,0.10215721829781944
20.63,2.95,5,25,125,18.735496139672577,0.14601179558985866
20.2,2.95,5,25,125,18.735496139672577,0.14601179558985866
9.83,1.11,5,25,125,10.271950169150598,0.12697793857528963
15,2.95,5,25,125,18.735496139672577,0.14601179558985866
12.94,2.05,5,25,125,14.595718219308562,0.10215721829781944
10.3,2.95,5,25,125,18.735496139672577,0.14601179558985866
8.68,1.11,5,25,125,10.271950169150598,0.12697793857528963
12.85,2.05,5,25,125,14.595718219308562,0.10215721829781944
14.99,2.95,5,25,125,18.735496139672577,0.14601179558985866
17.39,2.95,5,25,125,18.735496139672577,0.14601179558985866
10.98,1.11,5,25,125,10.271950169150598,0.12697793857528963
15.34,2.05,5,25,125,14.595718219308562,0.10215721829781944
17.69,2.95,5,25,125,18.735496139672577,0.14601179558985866
19.19,2.95,5,25,125,18.735496139672577,0.14601179558985866
14.25,2.05,5,25,125,14.595718219308562,0.10215721829781944
9.54,1.11,5,25,125,10.271950169150598,0.12697793857528963
19.87,2.95,5,25,125,18.735496139672577,0.14601179558985866
28.64,2.95,5,25,125,18.735496139672577,0.14601179558985866
9.7,1.11,5,25,125,10.271950169150598,0.12697793857528963
14.27,2.05,5,25,125,14.595718219308562,0.10215721829781944
19.76,2.95,5,25,125,18.735496139672577,0.14601179558985866
10.89,1.11,5,25,125,10.271950169150598,0.12697793857528963
20.53,2.95,5,25,125,18.735496139672577,0.14601179558985866
14.57,2.05,5,25,125,14.595718219308562,0.10215721829781944
15.17,2.95,5,25,125,18.735496139672577,0.14601179558985866
10.09,1.11,5,25,125,10.271950169150598,0.12697793857528963
14.1,2.05,5,25,125,14.595718219308562,0.10215721829781944
9.32,2.05,5,25,125,14.595718219308562,0.10215721829781944
21.31,2.95,5,25,125,18.735496139672577,0.14601179558985866
8.96,1.11,5,25,125,10.271950169150598,0.12697793857528963
13.87,2.05,5,25,125,14.595718219308562,0.10215721829781944
19.19,2.95,5,25,125,18.735496139672577,0.14601179558985866
15.62,2.05,5,25,125,14.595718219308562,0.10215721829781944
10.7,1.11,5,25,125,10.271950169150598,0.12697793857528963
13.95,2.05,5,25,125,14.595718219308562,0.10215721829781944
19.89,2.95,5,25,125,18.735496139672577,0.14601179558985866
19.98,2.95,5,25,125,18.735496139672577,0.14601179558985866
11.69,1.11,5,25,125,10.271950169150598,0.12697793857528963
17.92,2.95,5,25,125,18.735496139672577,0.14601179558985866
19.11,2.05,5,25,125,14.595718219308562,0.10215721829781944
28.92,2.95,5,25,125,18.735496139672577,0.14601179558985866
12.23,1.11,5,25,125,10.271950169150598,0.12697793857528963
20.36,2.05,5,25,125,14.595718219308562,0.10215721829781944
22.05,2.95,5,25,125,18.735496139672577,0.14601179558985866
29.1,2.95,5,25,125,18.735496139672577,0.14601179558985866
8.96,2.05,0,0,0,11.367655733636909,0.11265971911413074
9.17,1.11,0,0,0,8.647237655750946,0.1340120681528584
9.57,2.05,0,0,0,11.367655733636909,0.11265971911413074
9.19,1.11,0,0,0,8.647237655750946,0.1340120681528584
9.55,2.05,0,0,0,11.367655733636909,0.11265971911413074
10.8,2.05,0,0,0,11.367655733636909,0.11265971911413074
12.68,2.95,0,0,0,13.972311340123472,0.1639940713268272
8.83,2.05,0,0,0,11.367655733636909,0.11265971911413074
11.62,2.95,0,0,0,13.972311340123472,0.1639940713268272
12.18,2.95,0,0,0,13.972311340123472,0.1639940713268272
7.59,1.11,0,0,0,8.647237655750946,0.1340120681528584
8.45,2.05,0,0,0,11.367655733636909,0.11265971911413074
11.43,2.95,0,0,0,13.972311340123472,0.1639940713268272
9.71,2.05,0,0,0,11.367655733636909,0.11265971911413074
6.47,1.11,0,0,0,8.647237655750946,0.1340120681528584
9.87,2.95,0,0,0,13.972311340123472,0.1639940713268272
8.7,2.05,0,0,0,11.367655733636909,0.11265971911413074
10.49,2.95,0,0,0,13.972311340123472,0.1639940713268272
10.04,2.05,0,0,0,11.367655733636909,0.11265971911413074
8.24,1.11,0,0,0,8.647237655750946,0.1340120681528584
10.85,2.05,0,0,0,11.367655733636909,0.11265971911413074
14.03,2.95,0,0,0,13.972311340123472,0.1639940713268272
9.04,2.05,0,0,0,11.367655733636909,0.11265971911413074
8.6,1.11,0,0,0,8.647237655750946,0.1340120681528584
11.63,2.95,0,0,0,13.972311340123472,0.1639940713268272
9.87,2.95,0,0,0,13.972311340123472,0.1639940713268272
8.53,2.05,0,0,0,11.367655733636909,0.11265971911413074
7.3,1.11,0,0,0,8.647237655750946,0.1340120681528584
10.93,2.95,0,0,0,13.972311340123472,0.1639940713268272
10.47,2.95,0,0,0,13.972311340123472,0.1639940713268272
5.82,1.11,0,0,0,8.647237655750946,0.1340120681528584
10.39,2.05,0,0,0,11.367655733636909,0.11265971911413074
11.8,2.95,0,0,0,13.972311340123472,0.1639940713268272
7.28,1.11,0,0,0,8.647237655750946,0.1340120681528584
9.63,2.05,0,0,0,11.367655733636909,0.11265971911413074
13.78,2.95,0,0,0,13.972311340123472,0.1639940713268272
12.97,2.95,0,0,0,13.972311340123472,0.1639940713268272
7.38,1.11,0,0,0,8.647237655750946,0.1340120681528584
10.92,2.05,0,0,0,11.367655733636909,0.11265971911413074
14.35,2.95,0,0,0,13.972311340123472,0.1639940713268272
15.42,2.95,0,0,0,13.972311340123472,0.1639940713268272
7.26,1.11,0,0,0,8.647237655750946,0.1340120681528584
9.15,2.05,0,0,0,11.367655733636909,0.11265971911413074
12.35,2.95,0,0,0,13.972311340123472,0.1639940713268272
11.32,2.95,0,0,0,13.972311340123472,0.1639940713268272
6.54,2.05,0,0,0,11.367655733636909,0.11265971911413074
7.43,1.11,0,0,0,8.647237655750946,0.1340120681528584
10.72,2.95,0,0,0,13.972311340123472,0.1639940713268272
14.44,2.95,0,0,0,13.972311340123472,0.1639940713268272
8.23,1.11,0,0,0,8.647237655750946,0.1340120681528584
12.76,2.95,0,0,0,13.972311340123472,0.1639940713268272
13.04,2.95,0,0,0,13.972311340123472,0.1639940713268272
18.22,2.05,0,0,0,11.367655733636909,0.11265971911413074
9.38,2.05,0,0,0,11.367655733636909,0.11265971911413074
8.13,1.11,0,0,0,8.647237655750946,0.1340120681528584
8.87,2.05,0,0,0,11.367655733636909,0.11265971911413074
12,2.95,0,0,0,13.972311340123472,0.1639940713268272
7.24,1.11,0,0,0,8.647237655750946,0.1340120681528584
8.42,1.11,0,0,0,8.647237655750946,0.1340120681528584
10.25,2.05,0,0,0,11.367655733636909,0.11265971911413074
12.63,2.95,0,0,0,13.972311340123472,0.1639940713268272
9.45,1.11,0,0,0,8.647237655750946,0.1340120681528584
11.64,2.95,0,0,0,13.972311340123472,0.1639940713268272
8.62,2.05,0,0,0,11.367655733636909,0.11265971911413074
10.24,2.95,0,0,0,13.972311340123472,0.1639940713268272
8.37,1.11,0,0,0,8.647237655750946,0.1340120681528584
10.73,2.05,0,0,0,11.367655733636909,0.11265971911413074
11.99,2.95,0,0,0,13.972311340123472,0.1639940713268272
14.26,2.95,0,0,0,13.972311340123472,0.1639940713268272
9.44,1.11,0,0,0,8.647237655750946,0.1340120681528584
7.97,2.05,0,0,0,11.367655733636909,0.11265971911413074
12.34,2.95,0,0,0,13.972311340123472,0.1639940713268272
9.25,1.11,0,0,0,8.647237655750946,0.1340120681528584
12.96,2.95,0,0,0,13.972311340123472,0.1639940713268272
11.73,2.05,0,0,0,11.367655733636909,0.11265971911413074
15.04,2.95,0,0,0,13.972311340123472,0.1639940713268272
8.49,1.11,0,0,0,8.647237655750946,0.1340120681528584
9.42,2.05,0,0,0,11.367655733636909,0.11265971911413074
13.17,2.95,0,0,0,13.972311340123472,0.1639940713268272
9.2,1.11,0,0,0,8.647237655750946,0.1340120681528584
11,2.05,0,0,0,11.367655733636909,0.11265971911413074
15.8,2.95,0,0,0,13.972311340123472,0.1639940713268272
12.13,2.05,0,0,0,11.367655733636909,0.11265971911413074
8.45,1.11,0,0,0,8.647237655750946,0.1340120681528584
10.12,2.05,0,0,0,11.367655733636909,0.11265971911413074
15.12,2.95,0,0,0,13.972311340123472,0.1639940713268272
8.82,2.05,0,0,0,11.367655733636909,0.11265971911413074
14.4,2.95,0,0,0,13.972311340123472,0.1639940713268272
9.09,2.05,0,0,0,11.367655733636909,0.11265971911413074
7.88,1.11,0,0,0,8.647237655750946,0.1340120681528584
15.76,2.95,0,0,0,13.972311340123472,0.1639940713268272
11.2,2.05,0,0,0,11.367655733636909,0.11265971911413074
9.33,1.11,0,0,0,8.647237655750946,0.1340120681528584
13.2,2.95,0,0,0,13.972311340123472,0.1639940713268272
16.5,2.95,0,0,0,13.972311340123472,0.1639940713268272
11.13,1.11,0,0,0,8.647237655750946,0.1340120681528584
16.92,2.95,0,0,0,13.972311340123472,0.1639940713268272
13.02,2.05,0,0,0,11.367655733636909,0.11265971911413074
17.48,2.95,0,0,0,13.972311340123472,0.1639940713268272
11.9,2.05,0,0,0,11.367655733636909,0.11265971911413074
9.14,1.11,0,0,0,8.647237655750946,0.1340120681528584
15.22,2.95,0,0,0,13.972311340123472,0.1639940713268272
13.52,2.95,0,0,0,13.972311340123472,0.1639940713268272
9.14,1.11,0,0,0,8.647237655750946,0.1340120681528584
10.3,2.05,0,0,0,11.367655733636909,0.11265971911413074
13.3,2.95,0,0,0,13.972311340123472,0.1639940713268272
13,2.05,0,0,0,11.367655733636909,0.11265971911413074
7.15,1.11,0,0,0,8.647237655750946,0.1340120681528584
8.81,2.05,0,0,0,11.367655733636909,0.11265971911413074
14.55,2.95,0,0,0,13.972311340123472,0.1639940713268272
13.61,2.95,0,0,0,13.972311340123472,0.1639940713268272
6.67,1.11,0,0,0,8.647237655750946,0.1340120681528584
9.29,2.05,0,0,0,11.367655733636909,0.11265971911413074
12.1,2.95,0,0,0,13.972311340123472,0.1639940713268272
7.73,1.11,0,0,0,8.647237655750946,0.1340120681528584
8.88,2.05,0,0,0,11.367655733636909,0.11265971911413074
10.49,2.95,0,0,0,13.972311340123472,0.1639940713268272
11.41,2.95,0,0,0,13.972311340123472,0.1639940713268272
10.94,2.05,0,0,0,11.367655733636909,0.11265971911413074
7.84,1.11,0,0,0,8.647237655750946,0.1340120681528584
15.16,2.95,0,0,0,13.972311340123472,0.1639940713268272
17.49,2.95,0,0,0,13.972311340123472,0.1639940713268272
7.83,1.11,0,0,0,8.647237655750946,0.1340120681528584
10.28,2.95,0,0,0,13.972311340123472,0.1639940713268272
9.16,2.05,0,0,0,11.367655733636909,0.11265971911413074
4.69,2.95,0,0,0,13.972311340123472,0.1639940713268272
7.01,1.11,0,0,0,8.647237655750946,0.1340120681528584
9.11,2.05,0,0,0,11.367655733636909,0.11265971911413074
11.53,2.95,0,0,0,13.972311340123472,0.1639940713268272
11.58,2.95,0,0,0,13.972311340123472,0.1639940713268272
9.43,1.11,0,0,0,8.647237655750946,0.1340120681528584
13.11,2.95,0,0,0,13.972311340123472,0.1639940713268272
11.64,2.05,0,0,0,11.367655733636909,0.11265971911413074
14.09,2.95,0,0,0,13.972311340123472,0.1639940713268272
10,2.05,0,0,0,11.367655733636909,0.11265971911413074
8.43,1.11,0,0,0,8.647237655750946,0.1340120681528584
13.65,2.95,0,0,0,13.972311340123472,0.1639940713268272
20.55,2.95,0,0,0,13.972311340123472,0.1639940713268272
7.83,1.11,0,0,0,8.647237655750946,0.1340120681528584
10.76,2.05,0,0,0,11.367655733636909,0.11265971911413074
14.37,2.95,0,0,0,13.972311340123472,0.1639940713268272
8.69,1.11,0,0,0,8.647237655750946,0.1340120681528584
9.54,2.95,0,0,0,13.972311340123472,0.1639940713268272
15.27,2.95,0,0,0,13.972311340123472,0.1639940713268272
12.04,2.05,0,0,0,11.367655733636909,0.11265971911413074
7.59,1.11,0,0,0,8.647237655750946,0.1340120681528584
9.47,2.05,0,0,0,11.367655733636909,0.11265971911413074
4.15,2.05,0,0,0,11.367655733636909,0.11265971911413074
16.04,2.95,0,0,0,13.972311340123472,0.1639940713268272
7.79,1.11,0,0,0,8.647237655750946,0.1340120681528584
10.31,2.05,0,0,0,11.367655733636909,0.11265971911413074
13.75,2.95,0,0,0,13.972311340123472,0.1639940713268272
10.85,2.05,0,0,0,11.367655733636909,0.11265971911413074
9.96,1.11,0,0,0,8.647237655750946,0.1340120681528584
10.56,2.05,0,0,0,11.367655733636909,0.11265971911413074
14.44,2.95,0,0,0,13.972311340123472,0.1639940713268272
15.17,2.95,0,0,0,13.972311340123472,0.1639940713268272
9.64,1.11,0,0,0,8.647237655750946,0.1340120681528584
14.14,2.05,0,0,0,11.367655733636909,0.11265971911413074
18.19,2.95,0,0,0,13.972311340123472,0.1639940713268272
20.5,2.95,0,0,0,13.972311340123472,0.1639940713268272
9.89,1.11,0,0,0,8.647237655750946,0.1340120681528584
15.01,2.05,0,0,0,11.367655733636909,0.11265971911413074
19.05,2.95,0,0,0,13.972311340123472,0.1639940713268272
20.27,2.95,0,0,0,13.972311340123472,0.1639940713268272
7.89,2.05,-5,25,-125,9.228372147390282,0.12083431317898455
8.53,1.11,-5,25,-125,7.612059083015578,0.15001275079841844
9.26,2.05,-5,25,-125,9.228372147390282,0.12083431317898455
7.43,1.11,-5,25,-125,7.612059083015578,0.15001275079841844
9.38,2.05,-5,25,-125,9.228372147390282,0.12083431317898455
8.08,2.05,-5,25,-125,9.228372147390282,0.12083431317898455
9.81,2.95,-5,25,-125,10.775905932429897,0.17807388952045525
7.86,2.05,-5,25,-125,9.228372147390282,0.12083431317898455
10.79,2.95,-5,25,-125,10.775905932429897,0.17807388952045525
5.63,2.95,-5,25,-125,10.775905932429897,0.17807388952045525
8.43,1.11,-5,25,-125,7.612059083015578,0.15001275079841844
8.87,2.05,-5,25,-125,9.228372147390282,0.12083431317898455
9.5,2.95,-5,25,-125,10.775905932429897,0.17807388952045525
9.03,2.05,-5,25,-125,9.228372147390282,0.12083431317898455
6.27,1.11,-5,25,-125,7.612059083015578,0.15001275079841844
7.69,2.95,-5,25,-125,10.775905932429897,0.17807388952045525
8.2,2.95,-5,25,-125,10.775905932429897,0.17807388952045525
7.31,2.05,-5,25,-125,9.228372147390282,0.12083431317898455
9.72,2.05,-5,25,-125,9.228372147390282,0.12083431317898455
7.92,1.11,-5,25,-125,7.612059083015578,0.15001275079841844
10.35,2.05,-5,25,-125,9.228372147390282,0.12083431317898455
12.07,2.95,-5,25,-125,10.775905932429897,0.17807388952045525
8.26,2.05,-5,25,-125,9.228372147390282,0.12083431317898455
7.68,1.11,-5,25,-125,7.612059083015578,0.15001275079841844
8.28,2.05,-5,25,-125,9.228372147390282,0.12083431317898455
9.53,2.95,-5,25,-125,10.775905932429897,0.17807388952045525
8,2.95,-5,25,-125,10.775905932429897,0.17807388952045525
7.74,2.05,-5,25,-125,9.228372147390282,0.12083431317898455
5.47,1.11,-5,25,-125,7.612059083015578,0.15001275079841844
7.3,2.95,-5,25,-125,10.775905932429897,0.17807388952045525
6.09,1.11,-5,25,-125,7.612059083015578,0.15001275079841844
9.4,2.95,-5,25,-125,10.775905932429897,0.17807388952045525
9.01,2.05,-5,25,-125,9.228372147390282,0.12083431317898455
8.52,2.95,-5,25,-125,10.775905932429897,0.17807388952045525
8.5,2.05,-5,25,-125,9.228372147390282,0.12083431317898455
8.19,1.11,-5,25,-125,7.612059083015578,0.15001275079841844
10.13,2.95,-5,25,-125,10.775905932429897,0.17807388952045525
10.39,2.95,-5,25,-125,10.775905932429897,0.17807388952045525
8.69,2.05,-5,25,-125,9.228372147390282,0.12083431317898455
6.5,1.11,-5,25,-125,7.612059083015578,0.15001275079841844
10.17,2.95,-5,25,-125,10.775905932429897,0.17807388952045525
10.45,2.95,-5,25,-125,10.775905932429897,0.17807388952045525
6.3,1.11,-5,25,-125,7.612059083015578,0.15001275079841844
7.48,2.05,-5,25,-125,9.228372147390282,0.12083431317898455
10.63,2.95,-5,25,-125,10.775905932429897,0.17807388952045525
9.78,2.95,-5,25,-125,10.775905932429897,0.17807388952045525
5.91,2.05,-5,25,-125,9.228372147390282,0.12083431317898455
6.9,1.11,-5,25,-125,7.612059083015578,0.15001275079841844
10.32,2.95,-5,25,-125,10.775905932429897,0.17807388952045525
13.45,2.95,-5,25,-125,10.775905932429897,0.17807388952045525
9.49,2.95,-5,25,-125,10.775905932429897,0.17807388952045525
7.47,1.11,-5,25,-125,7.612059083015578,0.15001275079841844
9.42,2.95,-5,25,-125,10.775905932429897,0.17807388952045525
13.98,2.05,-5,25,-125,9.228372147390282,0.12083431317898455
8.18,2.05,-5,25,-125,9.228372147390282,0.12083431317898455
7.15,1.11,-5,25,-125,7.612059083015578,0.15001275079841844
7.53,2.05,-5,25,-125,9.228372147390282,0.12083431317898455
8.28,2.95,-5,25,-125,10.775905932429897,0.17807388952045525
7.32,1.11,-5,25,-125,7.612059083015578,0.15001275079841844
10.55,2.95,-5,25,-125,10.775905932429897,0.17807388952045525
7.86,1.11,-5,25,-125,7.612059083015578,0.15001275079841844
8.85,2.05,-5,25,-125,9.228372147390282,0.12083431317898455
7.57,1.11,-5,25,-125,7.612059083015578,0.15001275079841844
6.45,2.05,-5,25,-125,9.228372147390282,0.12083431317898455
9.47,2.95,-5,25,-125,10.775905932429897,0.17807388952045525
8.42,2.95,-5,25,-125,10.775905932429897,0.17807388952045525
7.29,1.11,-5,25,-125,7.612059083015578,0.15001275079841844
7.96,2.05,-5,25,-125,9.228372147390282,0.12083431317898455
9.3,2.95,-5,25,-125,10.775905932429897,0.17807388952045525
10.51,2.95,-5,25,-125,10.775905932429897,0.17807388952045525
8.57,1.11,-5,25,-125,7.612059083015578,0.15001275079841844
7.47,2.05,-5,25,-125,9.228372147390282,0.12083431317898455
10.31,2.95,-5,25,-125,10.775905932429897,0.17807388952045525
8.2,1.11,-5,25,-125,7.612059083015578,0.15001275079841844
10.34,2.05,-5,25,-125,9.228372147390282,0.12083431317898455
11.09,2.05,-5,25,-125,9.228372147390282,0.12083431317898455
13.25,2.95,-5,25,-125,10.775905932429897,0.17807388952045525
7.16,1.11,-5,25,-125,7.612059083015578,0.15001275079841844
8.41,2.05,-5,25,-125,9.228372147390282,0.12083431317898455
11.42,2.95,-5,25,-125,10.775905932429897,0.17807388952045525
8.45,1.11,-5,25,-125,7.612059083015578,0.15001275079841844
9.19,2.05,-5,25,-125,9.228372147390282,0.12083431317898455
11.9,2.95,-5,25,-125,10.775905932429897,0.17807388952045525
10.55,2.05,-5,25,-125,9.228372147390282,0.12083431317898455
8.03,1.11,-5,25,-125,7.612059083015578,0.15001275079841844
9.49,2.05,-5,25,-125,9.228372147390282,0.12083431317898455
11.86,2.95,-5,25,-125,10.775905932429897,0.17807388952045525
7.35,2.05,-5,25,-125,9.228372147390282,0.12083431317898455
11,2.95,-5,25,-125,10.775905932429897,0.17807388952045525
8.03,2.05,-5,25,-125,9.228372147390282,0.12083431317898455
6.92,1.11,-5,25,-125,7.612059083015578,0.15001275079841844
11.19,2.95,-5,25,-125,10.775905932429897,0.17807388952045525
8.82,2.95,-5,25,-125,10.775905932429897,0.17807388952045525
10.3,2.05,-5,25,-125,9.228372147390282,0.12083431317898455
9.21,1.11,-5,25,-125,7.612059083015578,0.15001275079841844
11.7,2.95,-5,25,-125,10.775905932429897,0.17807388952045525
14.4,2.95,-5,25,-125,10.775905932429897,0.17807388952045525
10.11,1.11,-5,25,-125,7.612059083015578,0.15001275079841844
13.63,2.95,-5,25,-125,10.775905932429897,0.17807388952045525
10.83,2.05,-5,25,-125,9.228372147390282,0.12083431317898455
12.37,2.95,-5,25,-125,10.775905932429897,0.17807388952045525
10.16,2.05,-5,25,-125,9.228372147390282,0.12083431317898455
8.14,1.11,-5,25,-125,7.612059083015578,0.15001275079841844
11.21,2.95,-5,25,-125,10.775905932429897,0.17807388952045525
9.86,2.95,-5,25,-125,10.775905932429897,0.17807388952045525
8.72,1.11,-5,25,-125,7.612059083015578,0.15001275079841844
9.66,2.05,-5,25,-125,9.228372147390282,0.12083431317898455
11.4,2.05,-5,25,-125,9.228372147390282,0.12083431317898455
11.2,2.95,-5,25,-125,10.775905932429897,0.17807388952045525
6.3,1.11,-5,25,-125,7.612059083015578,0.15001275079841844
7.59,2.05,-5,25,-125,9.228372147390282,0.12083431317898455
11.01,2.95,-5,25,-125,10.775905932429897,0.17807388952045525
9.34,2.95,-5,25,-125,10.775905932429897,0.17807388952045525
7.34,2.05,-5,25,-125,9.228372147390282,0.12083431317898455
5.58,1.11,-5,25,-125,7.612059083015578,0.15001275079841844
8.66,2.95,-5,25,-125,10.775905932429897,0.17807388952045525
6.88,1.11,-5,25,-125,7.612059083015578,0.15001275079841844
7.28,2.05,-5,25,-125,9.228372147390282,0.12083431317898455
8.73,2.95,-5,25,-125,10.775905932429897,0.17807388952045525
8.41,2.95,-5,25,-125,10.775905932429897,0.17807388952045525
9.42,2.05,-5,25,-125,9.228372147390282,0.12083431317898455
7.71,1.11,-5,25,-125,7.612059083015578,0.15001275079841844
12.51,2.95,-5,25,-125,10.775905932429897,0.17807388952045525
13.71,2.95,-5,25,-125,10.775905932429897,0.17807388952045525
7.62,1.11,-5,25,-125,7.612059083015578,0.15001275079841844
8.58,2.95,-5,25,-125,10.775905932429897,0.17807388952045525
8.5,2.05,-5,25,-125,9.228372147390282,0.12083431317898455
2.93,2.95,-5,25,-125,10.775905932429897,0.17807388952045525
7.65,2.05,-5,25,-125,9.228372147390282,0.12083431317898455
6.54,1.11,-5,25,-125,7.612059083015578,0.15001275079841844
8.6,2.95,-5,25,-125,10.775905932429897,0.17807388952045525
9.54,2.95,-5,25,-125,10.775905932429897,0.17807388952045525
8.42,1.11,-5,25,-125,7.612059083015578,0.15001275079841844
9.43,2.05,-5,25,-125,9.228372147390282,0.12083431317898455
10.94,2.95,-5,25,-125,10.775905932429897,0.17807388952045525
11.92,2.95,-5,25,-125,10.775905932429897,0.17807388952045525
8.79,2.05,-5,25,-125,9.228372147390282,0.12083431317898455
7.82,1.11,-5,25,-125,7.612059083015578,0.15001275079841844
14.11,2.95,-5,25,-125,10.775905932429897,0.17807388952045525
12.17,2.95,-5,25,-125,10.775905932429897,0.17807388952045525
8.91,2.05,-5,25,-125,9.228372147390282,0.12083431317898455
8.03,1.11,-5,25,-125,7.612059083015578,0.15001275079841844
11.18,2.95,-5,25,-125,10.775905932429897,0.17807388952045525
6.93,1.11,-5,25,-125,7.612059083015578,0.15001275079841844
6.25,2.95,-5,25,-125,10.775905932429897,0.17807388952045525
10.56,2.05,-5,25,-125,9.228372147390282,0.12083431317898455
11.67,2.95,-5,25,-125,10.775905932429897,0.17807388952045525
7.71,1.11,-5,25,-125,7.612059083015578,0.15001275079841844
8.24,2.05,-5,25,-125,9.228372147390282,0.12083431317898455
3.39,2.05,-5,25,-125,9.228372147390282,0.12083431317898455
12.49,2.95,-5,25,-125,10.775905932429897,0.17807388952045525
7.04,1.11,-5,25,-125,7.612059083015578,0.15001275079841844
8.46,2.05,-5,25,-125,9.228372147390282,0.12083431317898455
11.23,2.95,-5,25,-125,10.775905932429897,0.17807388952045525
9.48,2.05,-5,25,-125,9.228372147390282,0.12083431317898455
7.59,1.11,-5,25,-125,7.612059083015578,0.15001275079841844
6.54,2.05,-5,25,-125,9.228372147390282,0.12083431317898455
11.14,2.95,-5,25,-125,10.775905932429897,0.17807388952045525
10.78,2.95,-5,25,-125,10.775905932429897,0.17807388952045525
6.85,1.11,-5,25,-125,7.612059083015578,0.15001275079841844
10.78,2.05,-5,25,-125,9.228372147390282,0.12083431317898455
14.46,2.95,-5,25,-125,10.775905932429897,0.17807388952045525
12.89,2.95,-5,25,-125,10.775905932429897,0.17807388952045525
7.15,1.11,-5,25,-125,7.612059083015578,0.15001275079841844
10.86,2.05,-5,25,-125,9.228372147390282,0.12083431317898455
13.04,2.95,-5,25,-125,10.775905932429897,0.17807388952045525
12.96,2.05,-5,25,-125,9.228372147390282,0.12083431317898455
8.98,2.05,-10,100,-1000,8.397813697821151,0.12303007247975555
8.86,1.11,-10,100,-1000,7.285507291603146,0.17129578166083753
9,2.05,-10,100,-1000,8.397813697821151,0.12303007247975555
8.15,1.11,-10,100,-1000,7.285507291603146,0.17129578166083753
9.65,2.05,-10,100,-1000,8.397813697821151,0.12303007247975555
13.1,2.95,-10,100,-1000,9.46278791654052,0.1842128371145049
7.47,2.05,-10,100,-1000,8.397813697821151,0.12303007247975555
6.57,1.11,-10,100,-1000,7.285507291603146,0.17129578166083753
7.34,2.95,-10,100,-1000,9.46278791654052,0.1842128371145049
10.81,2.95,-10,100,-1000,9.46278791654052,0.1842128371145049
8.33,2.05,-10,100,-1000,8.397813697821151,0.12303007247975555
7.64,2.95,-10,100,-1000,9.46278791654052,0.1842128371145049
6.27,1.11,-10,100,-1000,7.285507291603146,0.17129578166083753
7.47,2.05,-10,100,-1000,8.397813697821151,0.12303007247975555
6.55,1.11,-10,100,-1000,7.285507291603146,0.17129578166083753
7.63,2.95,-10,100,-1000,9.46278791654052,0.1842128371145049
9.35,2.95,-10,100,-1000,9.46278791654052,0.1842128371145049
7.62,2.05,-10,100,-1000,8.397813697821151,0.12303007247975555
7.75,1.11,-10,100,-1000,7.285507291603146,0.17129578166083753
10.14,2.05,-10,100,-1000,8.397813697821151,0.12303007247975555
10.35,2.05,-10,100,-1000,8.397813697821151,0.12303007247975555
11.76,2.95,-10,100,-1000,9.46278791654052,0.1842128371145049
9.06,2.05,-10,100,-1000,8.397813697821151,0.12303007247975555
7.62,1.11,-10,100,-1000,7.285507291603146,0.17129578166083753
8.58,2.05,-10,100,-1000,8.397813697821151,0.12303007247975555
9.29,2.95,-10,100,-1000,9.46278791654052,0.1842128371145049
7.17,2.05,-10,100,-1000,8.397813697821151,0.12303007247975555
7.16,2.05,-10,100,-1000,8.397813697821151,0.12303007247975555
3.99,1.11,-10,100,-1000,7.285507291603146,0.17129578166083753
8.02,2.05,-10,100,-1000,8.397813697821151,0.12303007247975555
5.59,1.11,-10,100,-1000,7.285507291603146,0.17129578166083753
9.77,2.95,-10,100,-1000,9.46278791654052,0.1842128371145049
8.48,2.05,-10,100,-1000,8.397813697821151,0.12303007247975555
9.21,2.05,-10,100,-1000,8.397813697821151,0.12303007247975555
7.27,1.11,-10,100,-1000,7.285507291603146,0.17129578166083753
8.53,2.05,-10,100,-1000,8.397813697821151,0.12303007247975555
10.23,2.95,-10,100,-1000,9.46278791654052,0.1842128371145049
11.17,2.95,-10,100,-1000,9.46278791654052,0.1842128371145049
6.12,1.11,-10,100,-1000,7.285507291603146,0.17129578166083753
8.5,2.05,-10,100,-1000,8.397813697821151,0.12303007247975555
10.19,2.95,-10,100,-1000,9.46278791654052,0.1842128371145049
9.01,2.95,-10,100,-1000,9.46278791654052,0.1842128371145049
6.08,1.11,-10,100,-1000,7.285507291603146,0.17129578166083753
9.15,2.05,-10,100,-1000,8.397813697821151,0.12303007247975555
8.36,2.05,-10,100,-1000,8.397813697821151,0.12303007247975555
10.6,2.05,-10,100,-1000,8.397813697821151,0.12303007247975555
5.22,2.05,-10,100,-1000,8.397813697821151,0.12303007247975555
6.91,1.11,-10,100,-1000,7.285507291603146,0.17129578166083753
9.52,2.05,-10,100,-1000,8.397813697821151,0.12303007247975555
13.37,2.95,-10,100,-1000,9.46278791654052,0.1842128371145049
7.94,1.11,-10,100,-1000,7.285507291603146,0.17129578166083753
8.5,2.05,-10,100,-1000,8.397813697821151,0.12303007247975555
8.91,2.95,-10,100,-1000,9.46278791654052,0.1842128371145049
10.27,2.95,-10,100,-1000,9.46278791654052,0.1842128371145049
7.04,1.11,-10,100,-1000,7.285507291603146,0.17129578166083753
7.86,2.05,-10,100,-1000,8.397813697821151,0.12303007247975555
7.38,2.05,-10,100,-1000,8.397813697821151,0.12303007247975555
9.92,2.95,-10,100,-1000,9.46278791654052,0.1842128371145049
7.28,1.11,-10,100,-1000,7.285507291603146,0.17129578166083753
8.08,1.11,-10,100,-1000,7.285507291603146,0.17129578166083753
9.24,2.95,-10,100,-1000,9.46278791654052,0.1842128371145049
8.62,2.05,-10,100,-1000,8.397813697821151,0.12303007247975555
6.24,1.11,-10,100,-1000,7.285507291603146,0.17129578166083753
6.8,2.05,-10,100,-1000,8.397813697821151,0.12303007247975555
8.17,2.05,-10,100,-1000,8.397813697821151,0.12303007247975555
8.14,2.95,-10,100,-1000,9.46278791654052,0.1842128371145049
6.44,1.11,-10,100,-1000,7.285507291603146,0.17129578166083753
7.92,2.05,-10,100,-1000,8.397813697821151,0.12303007247975555
10.2,2.95,-10,100,-1000,9.46278791654052,0.1842128371145049
9.85,2.95,-10,100,-1000,9.46278791654052,0.1842128371145049
8.27,2.05,-10,100,-1000,8.397813697821151,0.12303007247975555
7.37,2.95,-10,100,-1000,9.46278791654052,0.1842128371145049
9.21,1.11,-10,100,-1000,7.285507291603146,0.17129578166083753
8.19,1.11,-10,100,-1000,7.285507291603146,0.17129578166083753
10.51,2.95,-10,100,-1000,9.46278791654052,0.1842128371145049
9.79,2.05,-10,100,-1000,8.397813697821151,0.12303007247975555
12.13,2.95,-10,100,-1000,9.46278791654052,0.1842128371145049
7.16,1.11,-10,100,-1000,7.285507291603146,0.17129578166083753
8.87,2.05,-10,100,-1000,8.397813697821151,0.12303007247975555
10.67,2.95,-10,100,-1000,9.46278791654052,0.1842128371145049
8.59,1.11,-10,100,-1000,7.285507291603146,0.17129578166083753
9.82,2.95,-10,100,-1000,9.46278791654052,0.1842128371145049
11.7,2.95,-10,100,-1000,9.46278791654052,0.1842128371145049
10.3,2.05,-10,100,-1000,8.397813697821151,0.12303007247975555
8.85,1.11,-10,100,-1000,7.285507291603146,0.17129578166083753
12.22,2.95,-10,100,-1000,9.46278791654052,0.1842128371145049
9.41,2.05,-10,100,-1000,8.397813697821151,0.12303007247975555
8.24,2.05,-10,100,-1000,8.397813697821151,0.12303007247975555
8.47,2.95,-10,100,-1000,9.46278791654052,0.1842128371145049
7.58,2.05,-10,100,-1000,8.397813697821151,0.12303007247975555
6.76,1.11,-10,100,-1000,7.285507291603146,0.17129578166083753
9.16,2.95,-10,100,-1000,9.46278791654052,0.1842128371145049
8.53,2.95,-10,100,-1000,9.46278791654052,0.1842128371145049
9.57,2.05,-10,100,-1000,8.397813697821151,0.12303007247975555
12,2.05,-10,100,-1000,8.397813697821151,0.12303007247975555
9.66,1.11,-10,100,-1000,7.285507291603146,0.17129578166083753
13.2,2.95,-10,100,-1000,9.46278791654052,0.1842128371145049
9.85,1.11,-10,100,-1000,7.285507291603146,0.17129578166083753
10.65,2.05,-10,100,-1000,8.397813697821151,0.12303007247975555
13.14,2.95,-10,100,-1000,9.46278791654052,0.1842128371145049
11.11,2.05,-10,100,-1000,8.397813697821151,0.12303007247975555
8.79,1.11,-10,100,-1000,7.285507291603146,0.17129578166083753
10.6,2.95,-10,100,-1000,9.46278791654052,0.1842128371145049
10.07,2.05,-10,100,-1000,8.397813697821151,0.12303007247975555
8.96,1.11,-10,100,-1000,7.285507291603146,0.17129578166083753
9.76,2.05,-10,100,-1000,8.397813697821151,0.12303007247975555
10.9,2.05,-10,100,-1000,8.397813697821151,0.12303007247975555
12.6,2.95,-10,100,-1000,9.46278791654052,0.1842128371145049
5.98,1.11,-10,100,-1000,7.285507291603146,0.17129578166083753
6.71,2.05,-10,100,-1000,8.397813697821151,0.12303007247975555
10.27,2.95,-10,100,-1000,9.46278791654052,0.1842128371145049
8.94,2.95,-10,100,-1000,9.46278791654052,0.1842128371145049
6.71,1.11,-10,100,-1000,7.285507291603146,0.17129578166083753
8.47,2.05,-10,100,-1000,8.397813697821151,0.12303007247975555
7.95,2.95,-10,100,-1000,9.46278791654052,0.1842128371145049
6.35,1.11,-10,100,-1000,7.285507291603146,0.17129578166083753
7.43,2.05,-10,100,-1000,8.397813697821151,0.12303007247975555
7.98,2.95,-10,100,-1000,9.46278791654052,0.1842128371145049
8.33,2.95,-10,100,-1000,9.46278791654052,0.1842128371145049
8.45,1.11,-10,100,-1000,7.285507291603146,0.17129578166083753
10.08,2.05,-10,100,-1000,8.397813697821151,0.12303007247975555
12.74,2.95,-10,100,-1000,9.46278791654052,0.1842128371145049
10.73,2.05,-10,100,-1000,8.397813697821151,0.12303007247975555
7.16,1.11,-10,100,-1000,7.285507291603146,0.17129578166083753
6.6,1.11,-10,100,-1000,7.285507291603146,0.17129578166083753
3.04,2.95,-10,100,-1000,9.46278791654052,0.1842128371145049
8.42,2.05,-10,100,-1000,8.397813697821151,0.12303007247975555
6.81,1.11,-10,100,-1000,7.285507291603146,0.17129578166083753
7.84,2.05,-10,100,-1000,8.397813697821151,0.12303007247975555
7.82,2.95,-10,100,-1000,9.46278791654052,0.1842128371145049
6.97,2.05,-10,100,-1000,8.397813697821151,0.12303007247975555
7.96,1.11,-10,100,-1000,7.285507291603146,0.17129578166083753
8.75,2.05,-10,100,-1000,8.397813697821151,0.12303007247975555
10.13,2.95,-10,100,-1000,9.46278791654052,0.1842128371145049
10.4,2.95,-10,100,-1000,9.46278791654052,0.1842128371145049
9.46,2.05,-10,100,-1000,8.397813697821151,0.12303007247975555
6.7,1.11,-10,100,-1000,7.285507291603146,0.17129578166083753
11.42,2.95,-10,100,-1000,9.46278791654052,0.1842128371145049
10.96,2.95,-10,100,-1000,9.46278791654052,0.1842128371145049
5.95,1.11,-10,100,-1000,7.285507291603146,0.17129578166083753
8.34,2.05,-10,100,-1000,8.397813697821151,0.12303007247975555
8.75,1.11,-10,100,-1000,7.285507291603146,0.17129578166083753
10.54,2.95,-10,100,-1000,9.46278791654052,0.1842128371145049
7.32,1.11,-10,100,-1000,7.285507291603146,0.17129578166083753
9.62,2.05,-10,100,-1000,8.397813697821151,0.12303007247975555
7.25,2.95,-10,100,-1000,9.46278791654052,0.1842128371145049
10.23,2.95,-10,100,-1000,9.46278791654052,0.1842128371145049
6.74,1.11,-10,100,-1000,7.285507291603146,0.17129578166083753
7.86,2.05,-10,100,-1000,8.397813697821151,0.12303007247975555
2.9,2.05,-10,100,-1000,8.397813697821151,0.12303007247975555
12.14,2.95,-10,100,-1000,9.46278791654052,0.1842128371145049
8.2,2.05,-10,100,-1000,8.397813697821151,0.12303007247975555
6.01,1.11,-10,100,-1000,7.285507291603146,0.17129578166083753
9.72,2.95,-10,100,-1000,9.46278791654052,0.1842128371145049
8.59,2.05,-10,100,-1000,8.397813697821151,0.12303007247975555
7.53,1.11,-10,100,-1000,7.285507291603146,0.17129578166083753
7.59,2.05,-10,100,-1000,8.397813697821151,0.12303007247975555
10.25,2.95,-10,100,-1000,9.46278791654052,0.1842128371145049
11.27,2.95,-10,100,-1000,9.46278791654052,0.1842128371145049
6.67,1.11,-10,100,-1000,7.285507291603146,0.17129578166083753
9.03,2.05,-10,100,-1000,8.397813697821151,0.12303007247975555
11.15,2.95,-10,100,-1000,9.46278791654052,0.1842128371145049
9.99,2.95,-10,100,-1000,9.46278791654052,0.1842128371145049
5.96,1.11,-10,100,-1000,7.285507291603146,0.17129578166083753
8.59,2.05,-10,100,-1000,8.397813697821151,0.12303007247975555
11.24,2.95,-10,100,-1000,9.46278791654052,0.1842128371145049
7,1.11,-10,100,-1000,7.285507291603146,0.17129578166083753
10.9,2.05,-18,324,-5832,10.340054270981899,0.2032811890467161
9.6,1.11,-18,324,-5832,8.534223860778967,0.2276180269228725
10.32,2.05,-18,324,-5832,10.340054270981899,0.2032811890467161
8.22,1.11,-18,324,-5832,8.534223860778967,0.2276180269228725
11.57,2.05,-18,324,-5832,10.340054270981899,0.2032811890467161
13.52,2.95,-18,324,-5832,12.069040833942157,0.3070966211461192
7.7,1.11,-18,324,-5832,8.534223860778967,0.2276180269228725
5.89,2.05,-18,324,-5832,10.340054270981899,0.2032811890467161
10.38,2.05,-18,324,-5832,10.340054270981899,0.2032811890467161
13.82,2.95,-18,324,-5832,12.069040833942157,0.3070966211461192
8.56,1.11,-18,324,-5832,8.534223860778967,0.2276180269228725
9.44,1.11,-18,324,-5832,8.534223860778967,0.2276180269228725
8.41,2.05,-18,324,-5832,10.340054270981899,0.2032811890467161
11.93,2.95,-18,324,-5832,12.069040833942157,0.3070966211461192
6.72,1.11,-18,324,-5832,8.534223860778967,0.2276180269228725
8.04,2.05,-18,324,-5832,10.340054270981899,0.2032811890467161
10.6,2.95,-18,324,-5832,12.069040833942157,0.3070966211461192
10.04,2.05,-18,324,-5832,10.340054270981899,0.2032811890467161
10.49,2.05,-18,324,-5832,10.340054270981899,0.2032811890467161
7.62,1.11,-18,324,-5832,8.534223860778967,0.2276180269228725
10.56,2.05,-18,324,-5832,10.340054270981899,0.2032811890467161
13.22,2.95,-18,324,-5832,12.069040833942157,0.3070966211461192
10.83,2.05,-18,324,-5832,10.340054270981899,0.2032811890467161
8.27,1.11,-18,324,-5832,8.534223860778967,0.2276180269228725
9.72,2.05,-18,324,-5832,10.340054270981899,0.2032811890467161
12.76,2.95,-18,324,-5832,12.069040833942157,0.3070966211461192
10.12,2.05,-18,324,-5832,10.340054270981899,0.2032811890467161
3.63,1.11,-18,324,-5832,8.534223860778967,0.2276180269228725
8.92,2.95,-18,324,-5832,12.069040833942157,0.3070966211461192
10.2,2.05,-18,324,-5832,10.340054270981899,0.2032811890467161
4.07,1.11,-18,324,-5832,8.534223860778967,0.2276180269228725
9.54,2.05,-18,324,-5832,10.340054270981899,0.2032811890467161
9.16,2.05,-18,324,-5832,10.340054270981899,0.2032811890467161
11.94,2.95,-18,324,-5832,12.069040833942157,0.3070966211461192
9.13,1.11,-18,324,-5832,8.534223860778967,0.2276180269228725
11.22,2.05,-18,324,-5832,10.340054270981899,0.2032811890467161
11.47,2.05,-18,324,-5832,10.340054270981899,0.2032811890467161
12.59,2.95,-18,324,-5832,12.069040833942157,0.3070966211461192
6.65,1.11,-18,324,-5832,8.534223860778967,0.2276180269228725
9.59,2.05,-18,324,-5832,10.340054270981899,0.2032811890467161
11.51,2.95,-18,324,-5832,12.069040833942157,0.3070966211461192
12.42,2.05,-18,324,-5832,10.340054270981899,0.2032811890467161
7.32,1.11,-18,324,-5832,8.534223860778967,0.2276180269228725
8.64,1.11,-18,324,-5832,8.534223860778967,0.2276180269228725
12.76,2.05,-18,324,-5832,10.340054270981899,0.2032811890467161
18.82,2.95,-18,324,-5832,12.069040833942157,0.3070966211461192
8.23,2.05,-18,324,-5832,10.340054270981899,0.2032811890467161
7.32,1.11,-18,324,-5832,8.534223860778967,0.2276180269228725
11.6,2.05,-18,324,-5832,10.340054270981899,0.2032811890467161
16.9,2.95,-18,324,-5832,12.069040833942157,0.3070966211461192
8.16,1.11,-18,324,-5832,8.534223860778967,0.2276180269228725
10.18,2.05,-18,324,-5832,10.340054270981899,0.2032811890467161
9.95,2.05,-18,324,-5832,10.340054270981899,0.2032811890467161
11.13,2.95,-18,324,-5832,12.069040833942157,0.3070966211461192
7.4,1.11,-18,324,-5832,8.534223860778967,0.2276180269228725
6.95,1.11,-18,324,-5832,8.534223860778967,0.2276180269228725
9.86,2.05,-18,324,-5832,10.340054270981899,0.2032811890467161
14,2.95,-18,324,-5832,12.069040833942157,0.3070966211461192
7.76,1.11,-18,324,-5832,8.534223860778967,0.2276180269228725
9.68,2.05,-18,324,-5832,10.340054270981899,0.2032811890467161
10.1,2.95,-18,324,-5832,12.069040833942157,0.3070966211461192
9.53,2.05,-18,324,-5832,10.340054270981899,0.2032811890467161
6.83,1.11,-18,324,-5832,8.534223860778967,0.2276180269228725
8.73,2.05,-18,324,-5832,10.340054270981899,0.2032811890467161
10.57,2.95,-18,324,-5832,12.069040833942157,0.3070966211461192
10.57,2.95,-18,324,-5832,12.069040833942157,0.3070966211461192
7.5,1.11,-18,324,-5832,8.534223860778967,0.2276180269228725
9.73,2.05,-18,324,-5832,10.340054270981899,0.2032811890467161
11.67,2.95,-18,324,-5832,12.069040833942157,0.3070966211461192
11.69,2.95,-18,324,-5832,12.069040833942157,0.3070966211461192
10.44,1.11,-18,324,-5832,8.534223860778967,0.2276180269228725
9.93,2.05,-18,324,-5832,10.340054270981899,0.2032811890467161
12.26,2.05,-18,324,-5832,10.340054270981899,0.2032811890467161
10.23,2.95,-18,324,-5832,12.069040833942157,0.3070966211461192
9.04,1.11,-18,324,-5832,8.534223860778967,0.2276180269228725
13.82,2.95,-18,324,-5832,12.069040833942157,0.3070966211461192
11.71,2.05,-18,324,-5832,10.340054270981899,0.2032811890467161
14.94,2.95,-18,324,-5832,12.069040833942157,0.3070966211461192
11.56,2.05,-18,324,-5832,10.340054270981899,0.2032811890467161
15.11,2.95,-18,324,-5832,12.069040833942157,0.3070966211461192
9.47,1.11,-18,324,-5832,8.534223860778967,0.2276180269228725
9.28,1.11,-18,324,-5832,8.534223860778967,0.2276180269228725
11.1,2.05,-18,324,-5832,10.340054270981899,0.2032811890467161
16.6,2.95,-18,324,-5832,12.069040833942157,0.3070966211461192
13.87,2.05,-18,324,-5832,10.340054270981899,0.2032811890467161
9.56,1.11,-18,324,-5832,8.534223860778967,0.2276180269228725
10.43,2.05,-18,324,-5832,10.340054270981899,0.2032811890467161
14.32,2.95,-18,324,-5832,12.069040833942157,0.3070966211461192
8.98,2.05,-18,324,-5832,10.340054270981899,0.2032811890467161
11.3,2.95,-18,324,-5832,12.069040833942157,0.3070966211461192
8.36,2.05,-18,324,-5832,10.340054270981899,0.2032811890467161
7.44,1.11,-18,324,-5832,8.534223860778967,0.2276180269228725
10.61,2.95,-18,324,-5832,12.069040833942157,0.3070966211461192
10.27,2.95,-18,324,-5832,12.069040833942157,0.3070966211461192
9.96,1.11,-18,324,-5832,8.534223860778967,0.2276180269228725
11.4,2.05,-18,324,-5832,10.340054270981899,0.2032811890467161
13.3,2.05,-18,324,-5832,10.340054270981899,0.2032811890467161
16.5,2.95,-18,324,-5832,12.069040833942157,0.3070966211461192
11.57,2.05,-18,324,-5832,10.340054270981899,0.2032811890467161
17.02,2.95,-18,324,-5832,12.069040833942157,0.3070966211461192
11.86,2.05,-18,324,-5832,10.340054270981899,0.2032811890467161
11.59,1.11,-18,324,-5832,8.534223860778967,0.2276180269228725
11.2,2.05,-18,324,-5832,10.340054270981899,0.2032811890467161
8.77,1.11,-18,324,-5832,8.534223860778967,0.2276180269228725
12.66,2.95,-18,324,-5832,12.069040833942157,0.3070966211461192
12.42,2.95,-18,324,-5832,12.069040833942157,0.3070966211461192
8.82,1.11,-18,324,-5832,8.534223860778967,0.2276180269228725
11,2.05,-18,324,-5832,10.340054270981899,0.2032811890467161
11.5,2.05,-18,324,-5832,10.340054270981899,0.2032811890467161
14.1,2.95,-18,324,-5832,12.069040833942157,0.3070966211461192
6.46,1.11,-18,324,-5832,8.534223860778967,0.2276180269228725
8.39,2.05,-18,324,-5832,10.340054270981899,0.2032811890467161
13.7,2.95,-18,324,-5832,12.069040833942157,0.3070966211461192
10.84,2.95,-18,324,-5832,12.069040833942157,0.3070966211461192
7.03,1.11,-18,324,-5832,8.534223860778967,0.2276180269228725
8.79,2.05,-18,324,-5832,10.340054270981899,0.2032811890467161
11.2,2.95,-18,324,-5832,12.069040833942157,0.3070966211461192
7.05,1.11,-18,324,-5832,8.534223860778967,0.2276180269228725
8.91,2.05,-18,324,-5832,10.340054270981899,0.2032811890467161
9.96,2.95,-18,324,-5832,12.069040833942157,0.3070966211461192
9.96,2.95,-18,324,-5832,12.069040833942157,0.3070966211461192
9.17,1.11,-18,324,-5832,8.534223860778967,0.2276180269228725
15.7,2.95,-18,324,-5832,12.069040833942157,0.3070966211461192
13.14,2.95,-18,324,-5832,12.069040833942157,0.3070966211461192
11.42,2.05,-18,324,-5832,10.340054270981899,0.2032811890467161
8.37,1.11,-18,324,-5832,8.534223860778967,0.2276180269228725
8.22,1.11,-18,324,-5832,8.534223860778967,0.2276180269228725
8.47,2.05,-18,324,-5832,10.340054270981899,0.2032811890467161
4.83,2.95,-18,324,-5832,12.069040833942157,0.3070966211461192
7,1.11,-18,324,-5832,8.534223860778967,0.2276180269228725
8.26,2.05,-18,324,-5832,10.340054270981899,0.2032811890467161
9.03,2.05,-18,324,-5832,10.340054270981899,0.2032811890467161
8.6,2.95,-18,324,-5832,12.069040833942157,0.3070966211461192
8.86,1.11,-18,324,-5832,8.534223860778967,0.2276180269228725
10.35,2.05,-18,324,-5832,10.340054270981899,0.2032811890467161
11.94,2.95,-18,324,-5832,12.069040833942157,0.3070966211461192
13.12,2.95,-18,324,-5832,12.069040833942157,0.3070966211461192
10.72,2.05,-18,324,-5832,10.340054270981899,0.2032811890467161
8.93,1.11,-18,324,-5832,8.534223860778967,0.2276180269228725
12.64,2.95,-18,324,-5832,12.069040833942157,0.3070966211461192
13.02,2.95,-18,324,-5832,12.069040833942157,0.3070966211461192
7.08,1.11,-18,324,-5832,8.534223860778967,0.2276180269228725
9.35,2.05,-18,324,-5832,10.340054270981899,0.2032811890467161
8.22,1.11,-18,324,-5832,8.534223860778967,0.2276180269228725
12.87,2.95,-18,324,-5832,12.069040833942157,0.3070966211461192
8.82,1.11,-18,324,-5832,8.534223860778967,0.2276180269228725
8.91,2.95,-18,324,-5832,12.069040833942157,0.3070966211461192
10.48,2.05,-18,324,-5832,10.340054270981899,0.2032811890467161
11.53,2.05,-18,324,-5832,10.340054270981899,0.2032811890467161
8.37,1.11,-18,324,-5832,8.534223860778967,0.2276180269228725
10.68,2.05,-18,324,-5832,10.340054270981899,0.2032811890467161
4.82,2.05,-18,324,-5832,10.340054270981899,0.2032811890467161
16.35,2.95,-18,324,-5832,12.069040833942157,0.3070966211461192
7.06,1.11,-18,324,-5832,8.534223860778967,0.2276180269228725
12.32,2.95,-18,324,-5832,12.069040833942157,0.3070966211461192
9.14,2.05,-18,324,-5832,10.340054270981899,0.2032811890467161
9.54,2.05,-18,324,-5832,10.340054270981899,0.2032811890467161
6.76,1.11,-18,324,-5832,8.534223860778967,0.2276180269228725
8.68,2.05,-18,324,-5832,10.340054270981899,0.2032811890467161
9.97,2.05,-18,324,-5832,10.340054270981899,0.2032811890467161
7.69,1.11,-18,324,-5832,8.534223860778967,0.2276180269228725
8.65,2.05,-18,324,-5832,10.340054270981899,0.2032811890467161
10.43,2.95,-18,324,-5832,12.069040833942157,0.3070966211461192
9.13,2.95,-18,324,-5832,12.069040833942157,0.3070966211461192
7.1,1.11,-18,324,-5832,8.534223860778967,0.2276180269228725
7.95,2.05,-18,324,-5832,10.340054270981899,0.2032811890467161
9.76,2.95,-18,324,-5832,12.069040833942157,0.3070966211461192
6.75,1.11,-18,324,-5832,8.534223860778967,0.2276180269228725
